configuration_id,method,k,window_length,lambda,regime_bins,feature_mode,topology_input_mode,alpha,exclusion_radius,fit_window,refit_interval,status
rolling_hs_w250,rolling_hs,,250,,,,,,,,,validation_candidate
rolling_hs_w500,rolling_hs,,500,,,,,,,,,validation_candidate
rolling_hs_w1000,rolling_hs,,1000,,,,,,,,,validation_candidate
fhs_ewma_l094,fhs_ewma,,,0.94,,,,,,,,validation_candidate
fhs_ewma_l097,fhs_ewma,,,0.97,,,,,,,,validation_candidate
regime_hs_bins2,regime_hs,,,,2,,,,,,,validation_candidate
regime_hs_bins4,regime_hs,,,,4,,,,,,,validation_candidate
garch_t_w1500_r20,garch_t,,,,,,,,,1500,20,validation_candidate
s_euclidean_k100,s_euclidean,100,,,,,,,,,,validation_candidate
s_mahalanobis_k100,s_mahalanobis,100,,,,,,,,,,validation_candidate
s_euclidean_k250,s_euclidean,250,,,,,,,,,,validation_candidate
s_mahalanobis_k250,s_mahalanobis,250,,,,,,,,,,validation_candidate
s_euclidean_k500,s_euclidean,500,,,,,,,,,,validation_candidate
s_mahalanobis_k500,s_mahalanobis,500,,,,,,,,,,validation_candidate
s_euclidean_k750,s_euclidean,750,,,,,,,,,,validation_candidate
s_mahalanobis_k750,s_mahalanobis,750,,,,,,,,,,validation_candidate
s_euclidean_k1000,s_euclidean,1000,,,,,,,,,,validation_candidate
s_mahalanobis_k1000,s_mahalanobis,1000,,,,,,,,,,validation_candidate
w_euclidean_l60_k100,w_euclidean,100,60,,,,,,,,,validation_candidate
wz_euclidean_l60_k100,wz_euclidean,100,60,,,,,,,,,validation_candidate
w_dtw_l60_k100,w_dtw,100,60,,,,,,,,,validation_candidate
wz_dtw_l60_k100,wz_dtw,100,60,,,,,,,,,validation_candidate
w_fpca_l60_k100,w_fpca,100,60,,,,,,,,,validation_candidate
wz_fpca_l60_k100,wz_fpca,100,60,,,,,,,,,validation_candidate
w_euclidean_l60_k250,w_euclidean,250,60,,,,,,,,,validation_candidate
wz_euclidean_l60_k250,wz_euclidean,250,60,,,,,,,,,validation_candidate
w_dtw_l60_k250,w_dtw,250,60,,,,,,,,,validation_candidate
wz_dtw_l60_k250,wz_dtw,250,60,,,,,,,,,validation_candidate
w_fpca_l60_k250,w_fpca,250,60,,,,,,,,,validation_candidate
wz_fpca_l60_k250,wz_fpca,250,60,,,,,,,,,validation_candidate
w_euclidean_l60_k500,w_euclidean,500,60,,,,,,,,,validation_candidate
wz_euclidean_l60_k500,wz_euclidean,500,60,,,,,,,,,validation_candidate
w_dtw_l60_k500,w_dtw,500,60,,,,,,,,,validation_candidate
wz_dtw_l60_k500,wz_dtw,500,60,,,,,,,,,validation_candidate
w_fpca_l60_k500,w_fpca,500,60,,,,,,,,,validation_candidate
wz_fpca_l60_k500,wz_fpca,500,60,,,,,,,,,validation_candidate
w_euclidean_l60_k750,w_euclidean,750,60,,,,,,,,,validation_candidate
wz_euclidean_l60_k750,wz_euclidean,750,60,,,,,,,,,validation_candidate
w_dtw_l60_k750,w_dtw,750,60,,,,,,,,,validation_candidate
wz_dtw_l60_k750,wz_dtw,750,60,,,,,,,,,validation_candidate
w_fpca_l60_k750,w_fpca,750,60,,,,,,,,,validation_candidate
wz_fpca_l60_k750,wz_fpca,750,60,,,,,,,,,validation_candidate
w_euclidean_l60_k1000,w_euclidean,1000,60,,,,,,,,,validation_candidate
wz_euclidean_l60_k1000,wz_euclidean,1000,60,,,,,,,,,validation_candidate
w_dtw_l60_k1000,w_dtw,1000,60,,,,,,,,,validation_candidate
wz_dtw_l60_k1000,wz_dtw,1000,60,,,,,,,,,validation_candidate
w_fpca_l60_k1000,w_fpca,1000,60,,,,,,,,,validation_candidate
wz_fpca_l60_k1000,wz_fpca,1000,60,,,,,,,,,validation_candidate
w_euclidean_l125_k100,w_euclidean,100,125,,,,,,,,,validation_candidate
wz_euclidean_l125_k100,wz_euclidean,100,125,,,,,,,,,validation_candidate
w_dtw_l125_k100,w_dtw,100,125,,,,,,,,,validation_candidate
wz_dtw_l125_k100,wz_dtw,100,125,,,,,,,,,validation_candidate
w_fpca_l125_k100,w_fpca,100,125,,,,,,,,,validation_candidate
wz_fpca_l125_k100,wz_fpca,100,125,,,,,,,,,validation_candidate
w_euclidean_l125_k250,w_euclidean,250,125,,,,,,,,,validation_candidate
wz_euclidean_l125_k250,wz_euclidean,250,125,,,,,,,,,validation_candidate
w_dtw_l125_k250,w_dtw,250,125,,,,,,,,,validation_candidate
wz_dtw_l125_k250,wz_dtw,250,125,,,,,,,,,validation_candidate
w_fpca_l125_k250,w_fpca,250,125,,,,,,,,,validation_candidate
wz_fpca_l125_k250,wz_fpca,250,125,,,,,,,,,validation_candidate
w_euclidean_l125_k500,w_euclidean,500,125,,,,,,,,,validation_candidate
wz_euclidean_l125_k500,wz_euclidean,500,125,,,,,,,,,validation_candidate
w_dtw_l125_k500,w_dtw,500,125,,,,,,,,,validation_candidate
wz_dtw_l125_k500,wz_dtw,500,125,,,,,,,,,validation_candidate
w_fpca_l125_k500,w_fpca,500,125,,,,,,,,,validation_candidate
wz_fpca_l125_k500,wz_fpca,500,125,,,,,,,,,validation_candidate
w_euclidean_l125_k750,w_euclidean,750,125,,,,,,,,,validation_candidate
wz_euclidean_l125_k750,wz_euclidean,750,125,,,,,,,,,validation_candidate
w_dtw_l125_k750,w_dtw,750,125,,,,,,,,,validation_candidate
wz_dtw_l125_k750,wz_dtw,750,125,,,,,,,,,validation_candidate
w_fpca_l125_k750,w_fpca,750,125,,,,,,,,,validation_candidate
wz_fpca_l125_k750,wz_fpca,750,125,,,,,,,,,validation_candidate
w_euclidean_l125_k1000,w_euclidean,1000,125,,,,,,,,,validation_candidate
wz_euclidean_l125_k1000,wz_euclidean,1000,125,,,,,,,,,validation_candidate
w_dtw_l125_k1000,w_dtw,1000,125,,,,,,,,,validation_candidate
wz_dtw_l125_k1000,wz_dtw,1000,125,,,,,,,,,validation_candidate
w_fpca_l125_k1000,w_fpca,1000,125,,,,,,,,,validation_candidate
wz_fpca_l125_k1000,wz_fpca,1000,125,,,,,,,,,validation_candidate
w_euclidean_l250_k100,w_euclidean,100,250,,,,,,,,,validation_candidate
wz_euclidean_l250_k100,wz_euclidean,100,250,,,,,,,,,validation_candidate
w_dtw_l250_k100,w_dtw,100,250,,,,,,,,,validation_candidate
wz_dtw_l250_k100,wz_dtw,100,250,,,,,,,,,validation_candidate
w_fpca_l250_k100,w_fpca,100,250,,,,,,,,,validation_candidate
wz_fpca_l250_k100,wz_fpca,100,250,,,,,,,,,validation_candidate
w_euclidean_l250_k250,w_euclidean,250,250,,,,,,,,,validation_candidate
wz_euclidean_l250_k250,wz_euclidean,250,250,,,,,,,,,validation_candidate
w_dtw_l250_k250,w_dtw,250,250,,,,,,,,,validation_candidate
wz_dtw_l250_k250,wz_dtw,250,250,,,,,,,,,validation_candidate
w_fpca_l250_k250,w_fpca,250,250,,,,,,,,,validation_candidate
wz_fpca_l250_k250,wz_fpca,250,250,,,,,,,,,validation_candidate
w_euclidean_l250_k500,w_euclidean,500,250,,,,,,,,,validation_candidate
wz_euclidean_l250_k500,wz_euclidean,500,250,,,,,,,,,validation_candidate
w_dtw_l250_k500,w_dtw,500,250,,,,,,,,,validation_candidate
wz_dtw_l250_k500,wz_dtw,500,250,,,,,,,,,validation_candidate
w_fpca_l250_k500,w_fpca,500,250,,,,,,,,,validation_candidate
wz_fpca_l250_k500,wz_fpca,500,250,,,,,,,,,validation_candidate
w_euclidean_l250_k750,w_euclidean,750,250,,,,,,,,,validation_candidate
wz_euclidean_l250_k750,wz_euclidean,750,250,,,,,,,,,validation_candidate
w_dtw_l250_k750,w_dtw,750,250,,,,,,,,,validation_candidate
wz_dtw_l250_k750,wz_dtw,750,250,,,,,,,,,validation_candidate
w_fpca_l250_k750,w_fpca,750,250,,,,,,,,,validation_candidate
wz_fpca_l250_k750,wz_fpca,750,250,,,,,,,,,validation_candidate
w_euclidean_l250_k1000,w_euclidean,1000,250,,,,,,,,,validation_candidate
wz_euclidean_l250_k1000,wz_euclidean,1000,250,,,,,,,,,validation_candidate
w_dtw_l250_k1000,w_dtw,1000,250,,,,,,,,,validation_candidate
wz_dtw_l250_k1000,wz_dtw,1000,250,,,,,,,,,validation_candidate
w_fpca_l250_k1000,w_fpca,1000,250,,,,,,,,,validation_candidate
wz_fpca_l250_k1000,wz_fpca,1000,250,,,,,,,,,validation_candidate
topology_l60_k100,topology,100,60,,,landscape_h1_top3_weighted,portfolio_only,0.0,,,,validation_candidate
topology_l60_k250,topology,250,60,,,landscape_h1_top3_weighted,portfolio_only,0.0,,,,validation_candidate
topology_l60_k500,topology,500,60,,,landscape_h1_top3_weighted,portfolio_only,0.0,,,,validation_candidate
topology_l60_k750,topology,750,60,,,landscape_h1_top3_weighted,portfolio_only,0.0,,,,validation_candidate
topology_l60_k1000,topology,1000,60,,,landscape_h1_top3_weighted,portfolio_only,0.0,,,,validation_candidate
topology_l125_k100,topology,100,125,,,landscape_h1_top3_weighted,portfolio_only,0.0,,,,validation_candidate
topology_l125_k250,topology,250,125,,,landscape_h1_top3_weighted,portfolio_only,0.0,,,,validation_candidate
topology_l125_k500,topology,500,125,,,landscape_h1_top3_weighted,portfolio_only,0.0,,,,validation_candidate
topology_l125_k750,topology,750,125,,,landscape_h1_top3_weighted,portfolio_only,0.0,,,,validation_candidate
topology_l125_k1000,topology,1000,125,,,landscape_h1_top3_weighted,portfolio_only,0.0,,,,validation_candidate
topology_l250_k100,topology,100,250,,,landscape_h1_top3_weighted,portfolio_only,0.0,,,,validation_candidate
topology_l250_k250,topology,250,250,,,landscape_h1_top3_weighted,portfolio_only,0.0,,,,validation_candidate
topology_l250_k500,topology,500,250,,,landscape_h1_top3_weighted,portfolio_only,0.0,,,,validation_candidate
topology_l250_k750,topology,750,250,,,landscape_h1_top3_weighted,portfolio_only,0.0,,,,validation_candidate
topology_l250_k1000,topology,1000,250,,,landscape_h1_top3_weighted,portfolio_only,0.0,,,,validation_candidate
