sample_type,exclusion_radius,window_length,k,number_queries,exact_tie_count,near_tie_count,exact_tie_rate,near_tie_rate,min_cutoff_gap
locked_evaluation,0,250,100,2848,29,29,0.010182584269662922,0.010182584269662922,0.0
locked_evaluation,125,250,100,2848,28,28,0.009831460674157303,0.009831460674157303,0.0
locked_evaluation,250,250,100,2848,40,40,0.014044943820224719,0.014044943820224719,0.0
validation_k_sensitivity,0,250,100,754,6,6,0.007957559681697613,0.007957559681697613,0.0
validation_k_sensitivity,0,250,250,754,12,12,0.015915119363395226,0.015915119363395226,0.0
validation_k_sensitivity,0,250,500,754,7,7,0.009283819628647215,0.009283819628647215,0.0
validation_k_sensitivity,0,250,750,754,2,2,0.002652519893899204,0.002652519893899204,0.0
validation_k_sensitivity,0,250,1000,754,6,6,0.007957559681697613,0.007957559681697613,0.0
validation_k_sensitivity,125,250,100,754,7,7,0.009283819628647215,0.009283819628647215,0.0
validation_k_sensitivity,125,250,250,754,14,14,0.01856763925729443,0.01856763925729443,0.0
validation_k_sensitivity,125,250,500,754,4,4,0.005305039787798408,0.005305039787798408,0.0
validation_k_sensitivity,125,250,750,754,11,11,0.014588859416445624,0.014588859416445624,0.0
validation_k_sensitivity,125,250,1000,754,4,4,0.005305039787798408,0.005305039787798408,0.0
