configuration_id,n_dates,mean_pinball_r0,mean_pinball_r125,difference_r125_minus_r0,mean_var99_r0,mean_var99_r125,mean_es975_r0,mean_es975_r125
fhs_ewma_l094,2848,0.0002299397493727677,0.0002299397493727677,0.0,0.01594272748016422,0.01594272748016422,0.01699377211099255,0.01699377211099255
garch_t_w1500_r20,2848,0.00021421823670845615,0.00021421823670845615,0.0,0.014261775717286347,0.014261775717286347,0.014793960945576718,0.014793960945576718
regime_hs_bins4,2848,0.0002481687952677497,0.0002481687952677497,0.0,0.017788850117558448,0.017788850117558448,0.018071770819918245,0.018071770819918245
rolling_hs_w500,2848,0.0003075945206386878,0.0003075945206386878,0.0,0.018298390479547615,0.018298390479547615,0.018469119137596152,0.018469119137596152
s_euclidean_k250,2848,0.000229412765456918,0.0002423538088399455,1.2941043383027487e-05,0.01333745363575783,0.013091998806107624,0.013520801603952083,0.013284641073606012
s_mahalanobis_k500,2848,0.0002381224824031106,0.00025343647410720977,1.5313991704099164e-05,0.013491918606375532,0.013397541373663814,0.013871518162492451,0.01376856907225154
topology_l250_k100,2848,0.0002913032675447494,0.0003252076895362381,3.39044219914887e-05,0.01823236787131117,0.019281218805977125,0.01920406205981804,0.020544866213810135
w_dtw_l250_k750,2848,0.0002933797539881639,0.00031112076796326987,1.774101397510595e-05,0.012578660150397505,0.01230085877461747,0.012913551983289836,0.012629246480456456
w_euclidean_l250_k500,2848,0.000313167286494806,0.00031971335852643603,6.5460720316300246e-06,0.012637881513051867,0.01257924595965886,0.013142010624039002,0.01306680544737411
w_fpca_l60_k500,2848,0.00029399241490797167,0.0002999032581686242,5.9108432606525246e-06,0.013543523799376673,0.013476172002977585,0.013974268618981822,0.013850613320725035
wz_dtw_l250_k250,2848,0.000247171055790282,0.00026467608164024067,1.750502584995869e-05,0.01468835407278133,0.014375737124533251,0.014930844036646483,0.014639443787979161
wz_euclidean_l250_k100,2848,0.00026806217213167367,0.0002709606732365528,2.8985011048791474e-06,0.01704006672350316,0.017013497385785715,0.01841038792304624,0.018379861878656017
wz_fpca_l125_k100,2848,0.00030804401725543487,0.00030406434269158447,-3.979674563850399e-06,0.01730461718096392,0.017581524353755956,0.018972982620598603,0.019232068382826855
