exclusion_radius,reference,comparator,n_dates,mean_jaccard_overlap,median_jaccard_overlap
0,topology_l250_k100,wz_euclidean_l250_k100,2848,0.01433660648167832,0.010101010101010102
0,topology_l250_k100,wz_dtw_l250_k250,2848,0.04974822817569772,0.041666666666666664
0,topology_l250_k100,wz_fpca_l125_k100,2848,0.01588609904138609,0.015228426395939087
125,topology_l250_k100,wz_euclidean_l250_k100,2848,0.013999771920222214,0.010101010101010102
125,topology_l250_k100,wz_dtw_l250_k250,2848,0.027955499929136686,0.02040816326530612
125,topology_l250_k100,wz_fpca_l125_k100,2848,0.01248416070656355,0.010101010101010102
250,topology_l250_k100,wz_euclidean_l250_k100,2848,0.014531402080329775,0.015228426395939087
250,topology_l250_k100,wz_dtw_l250_k250,2848,0.029208800000236023,0.02040816326530612
250,topology_l250_k100,wz_fpca_l125_k100,2848,0.013369210022207565,0.010101010101010102
