exclusion_radius,configuration_id,n_neighbors,mean_age,median_age,p05_age,p95_age,min_age
0,s_euclidean_k250,712000,1509.2126446629213,1022.0,21.0,4090.0,1
0,s_mahalanobis_k500,1424000,1788.3255393258428,1616.0,39.0,4217.0,1
0,topology_l250_k100,284800,1390.799610252809,872.0,6.0,4403.0,1
0,w_dtw_l250_k750,2136000,2485.5665032771535,2607.0,154.0,4846.0,1
0,w_euclidean_l250_k500,1424000,1854.8081537921348,1710.0,166.0,4425.0,1
0,w_fpca_l60_k500,1424000,2122.5513588483145,1977.0,181.0,4665.0,1
0,wz_dtw_l250_k250,712000,2457.3384508426966,2515.0,64.0,4835.0,1
0,wz_euclidean_l250_k100,284800,2133.898054775281,2060.0,203.0,4450.0,1
0,wz_fpca_l125_k100,284800,2329.6345154494384,2349.0,159.0,4643.0,1
125,s_euclidean_k250,712000,1862.8181278089887,1674.0,173.0,4160.0,126
125,s_mahalanobis_k500,1424000,2057.3048504213484,2007.0,185.0,4265.0,126
125,topology_l250_k100,284800,2108.2665589887642,1979.0,299.0,4500.0,126
125,w_dtw_l250_k750,2136000,2578.816341292135,2650.0,340.0,4851.0,126
125,w_euclidean_l250_k500,1424000,1919.935158005618,1784.0,272.0,4425.0,126
125,w_fpca_l60_k500,1424000,2190.865679073034,2043.0,314.0,4679.0,126
125,wz_dtw_l250_k250,712000,2619.938297752809,2639.0,381.0,4850.0,126
125,wz_euclidean_l250_k100,284800,2201.0032443820223,2136.0,350.0,4472.0,126
125,wz_fpca_l125_k100,284800,2436.1306811797754,2451.0,340.0,4659.0,126
250,s_euclidean_k250,712000,2067.9743441011237,1984.0,343.0,4185.0,251
250,s_mahalanobis_k500,1424000,2233.10308005618,2260.0,359.0,4277.0,251
250,topology_l250_k100,284800,2199.6991573033706,2130.0,419.0,4520.0,251
250,w_dtw_l250_k750,2136000,2642.3509897003746,2688.0,467.0,4854.0,251
250,w_euclidean_l250_k500,1424000,1995.0758314606742,1873.0,392.0,4425.0,251
250,w_fpca_l60_k500,1424000,2248.778659410112,2096.0,433.0,4689.0,251
250,wz_dtw_l250_k250,712000,2689.444974719101,2684.0,537.0,4870.0,251
250,wz_euclidean_l250_k100,284800,2263.1266678370785,2186.0,477.0,4490.0,253
250,wz_fpca_l125_k100,284800,2519.1410252808987,2535.0,486.0,4670.0,251
