draw,seed,mean_pinball_99,exceedance_rate_99,mean_var_99
0,2026093001,0.0003030971412247707,0.020014044943820225,0.01630829850864644
1,2027093004,0.0003018748159095134,0.018960674157303372,0.0163789928973458
2,2028093007,0.0003136339789413551,0.021067415730337078,0.016292562168170984
3,2029093010,0.00029678234789991856,0.020014044943820225,0.016492929968484397
4,2030093013,0.0003005190795079913,0.020365168539325844,0.01653387951911856
5,2031093016,0.0002879910711986606,0.02071629213483146,0.016273700198599358
6,2032093019,0.00030021969936374927,0.021067415730337078,0.016296329447298183
7,2033093022,0.0003053067676999533,0.021067415730337078,0.01637838019008293
8,2034093025,0.000296145331542858,0.021067415730337078,0.016427007210538604
9,2035093028,0.00030722220526873285,0.02247191011235955,0.01635098232825963
10,2036093031,0.0003131647267790303,0.018960674157303372,0.016339508496116012
11,2037093034,0.0003090806489222185,0.018960674157303372,0.016491264581037245
12,2038093037,0.000304967867502449,0.021067415730337078,0.016340872234503832
13,2039093040,0.0003113806565862534,0.019662921348314606,0.01622056374484399
14,2040093043,0.00030815010735680697,0.019662921348314606,0.016277037360668507
15,2041093046,0.0003149300550806149,0.020014044943820225,0.01645770958410704
16,2042093049,0.0002919942399551606,0.02282303370786517,0.016394984894270506
17,2043093052,0.0002887494872903778,0.019662921348314606,0.016249971973388178
18,2044093055,0.0003015676427372341,0.021769662921348316,0.016437062250514202
19,2045093058,0.00030229539965104094,0.019311797752808987,0.01633350681753791
20,2046093061,0.00029823954546695405,0.020365168539325844,0.016328631051864086
21,2047093064,0.00031460978791962325,0.020365168539325844,0.0164165208444428
22,2048093067,0.00029543766102530894,0.021067415730337078,0.016443908260575776
23,2049093070,0.0003104665499103462,0.021067415730337078,0.01635334382934191
24,2050093073,0.0003022919908021392,0.020365168539325844,0.01643855321196952
25,2051093076,0.00029729409989229363,0.019311797752808987,0.01639160028625889
26,2052093079,0.0003058977589672485,0.019662921348314606,0.01650057677133953
27,2053093082,0.0003023310635066813,0.02071629213483146,0.016497474139574305
28,2054093085,0.0003113420833884368,0.02071629213483146,0.016397409551370867
29,2055093088,0.00029843176020937645,0.020365168539325844,0.016400643899891963
30,2056093091,0.00030639244962059933,0.021769662921348316,0.016240725755977813
31,2057093094,0.0003065985299152598,0.02071629213483146,0.01641115846704572
32,2058093097,0.00028677875900236715,0.018609550561797753,0.016501777062223867
33,2059093100,0.0002996955401360982,0.021418539325842697,0.0163537981541037
34,2060093103,0.00030730448984458004,0.02212078651685393,0.016405190139613383
35,2061093106,0.0002957871002183309,0.02247191011235955,0.01627501020323201
36,2062093109,0.0002978550225047251,0.019662921348314606,0.01644676883812051
37,2063093112,0.0002734358995532279,0.019311797752808987,0.01651294943020617
38,2064093115,0.000301361567278904,0.018258426966292134,0.01637134567656273
39,2065093118,0.00029638649986156364,0.019311797752808987,0.01642342984749558
40,2066093121,0.0003051555290765568,0.020365168539325844,0.016336216165817326
41,2067093124,0.0003052689822466184,0.021067415730337078,0.016293838949832502
42,2068093127,0.00031224834907974834,0.02457865168539326,0.016524181165205043
43,2069093130,0.0003202259472256031,0.023174157303370788,0.01624590962127159
44,2070093133,0.00030602867056755045,0.019662921348314606,0.016424289089440082
45,2071093136,0.0002946369870261786,0.020014044943820225,0.016376843388829915
46,2072093139,0.000314980840883257,0.021418539325842697,0.01637525125220864
47,2073093142,0.000314405126331509,0.019662921348314606,0.016389948843233228
48,2074093145,0.000293170172003564,0.020365168539325844,0.01619291234472947
49,2075093148,0.00030305874844505483,0.020365168539325844,0.016419298407298305
50,2076093151,0.000302260750248087,0.018258426966292134,0.01635781720385545
51,2077093154,0.0003102083622293066,0.021769662921348316,0.016422396604257972
52,2078093157,0.00029305140900064993,0.019311797752808987,0.0164735419536558
53,2079093160,0.00030702038391377623,0.02071629213483146,0.01646238211074864
54,2080093163,0.00029374808837240464,0.018258426966292134,0.016256668337687432
55,2081093166,0.0002874439102818863,0.021769662921348316,0.016231523759740053
56,2082093169,0.00030151382201970117,0.021418539325842697,0.01632778110464835
57,2083093172,0.0003057959369863575,0.018609550561797753,0.016402359371141238
58,2084093175,0.0003084918162917722,0.023174157303370788,0.016379625144242998
59,2085093178,0.00032131071128443104,0.02247191011235955,0.01631823700046558
60,2086093181,0.0003048952397528762,0.021418539325842697,0.01634113615445596
61,2087093184,0.000295804014478775,0.018258426966292134,0.016291929814306313
62,2088093187,0.00029596281632187407,0.020365168539325844,0.016257779037526614
63,2089093190,0.0003023700057581593,0.021769662921348316,0.0163531278683493
64,2090093193,0.00030576145563701134,0.021418539325842697,0.01635536991556693
65,2091093196,0.0003135577387497309,0.023174157303370788,0.016405381118083644
66,2092093199,0.00030470074232170615,0.019662921348314606,0.016459824024823252
67,2093093202,0.00029877712408599285,0.02071629213483146,0.016588703272297924
68,2094093205,0.00029602148178114166,0.020014044943820225,0.01637459681960291
69,2095093208,0.0002998411417568008,0.02071629213483146,0.016218478349915997
70,2096093211,0.00029973378368798126,0.02247191011235955,0.01613914438861279
71,2097093214,0.0002833911836250929,0.02212078651685393,0.01636636364716134
72,2098093217,0.000306356925606338,0.021067415730337078,0.016197531668069785
73,2099093220,0.00029381093348819265,0.019662921348314606,0.01623729758827496
74,2100093223,0.00029377267594109724,0.020014044943820225,0.016438867862610524
75,2101093226,0.00030890435644214857,0.02071629213483146,0.016306250766920456
76,2102093229,0.0003163327839553012,0.02212078651685393,0.01642121804617795
77,2103093232,0.0002987153058235531,0.020365168539325844,0.016354252918994186
78,2104093235,0.00029416739235156385,0.02071629213483146,0.01638642805539261
79,2105093238,0.00029019885818592334,0.018960674157303372,0.0163218743296404
80,2106093241,0.0002989342529728161,0.020014044943820225,0.01630628119289846
81,2107093244,0.0003231210705139009,0.02247191011235955,0.01629606074752942
82,2108093247,0.00029956198919817487,0.021418539325842697,0.01640744297380766
83,2109093250,0.0003114810488073227,0.02282303370786517,0.01637996140822153
84,2110093253,0.00029924082436858646,0.019662921348314606,0.01619329353005794
85,2111093256,0.00030616894671952786,0.02457865168539326,0.016278949938582837
86,2112093259,0.0003106331514209578,0.02247191011235955,0.01649547803108913
87,2113093262,0.000309644748393244,0.020365168539325844,0.016420412359658687
88,2114093265,0.0003029393172327201,0.02247191011235955,0.016349142239716178
89,2115093268,0.00030754420593437256,0.021769662921348316,0.016218518258015208
90,2116093271,0.00030469481157924217,0.018960674157303372,0.01664671823068242
91,2117093274,0.00029595567612026604,0.02247191011235955,0.01636872848456217
92,2118093277,0.00031111684321267254,0.021769662921348316,0.016379748392669282
93,2119093280,0.00030224537904210335,0.021418539325842697,0.016390122450300644
94,2120093283,0.0003016336955130213,0.020365168539325844,0.016419766792992146
95,2121093286,0.00030288307190107455,0.019662921348314606,0.016322871268665166
96,2122093289,0.0003019185260666568,0.019662921348314606,0.01631756781621055
97,2123093292,0.00031358419887369003,0.021418539325842697,0.016344340704225285
98,2124093295,0.0003119206941519,0.02282303370786517,0.0163621454211568
99,2125093298,0.00030721075019998734,0.021067415730337078,0.016336542080671906
100,2126093301,0.0003004475488283845,0.020014044943820225,0.016412444350996033
101,2127093304,0.00030927891636799913,0.02212078651685393,0.016331902748419457
102,2128093307,0.00030860571937342063,0.020014044943820225,0.016373179678185933
103,2129093310,0.00030419198381184914,0.021769662921348316,0.01629817947403638
104,2130093313,0.00031936485741360224,0.021769662921348316,0.016060692686672984
105,2131093316,0.00030700669514314473,0.021067415730337078,0.01649216942065305
106,2132093319,0.0003215270055338432,0.023525280898876403,0.01641700147049591
107,2133093322,0.0003092016598340631,0.020014044943820225,0.016319877525616124
108,2134093325,0.00029509521799477804,0.021418539325842697,0.01621385121741918
109,2135093328,0.00030528998533864904,0.02282303370786517,0.016301995731577153
110,2136093331,0.0003034135779903284,0.019311797752808987,0.016436094457913827
111,2137093334,0.0003060099421477138,0.02247191011235955,0.01633394642767263
112,2138093337,0.00030821318228018937,0.02247191011235955,0.01637107328249574
113,2139093340,0.0003066038486802835,0.020014044943820225,0.01632712486658798
114,2140093343,0.0003021504369898316,0.018960674157303372,0.016364294371995016
115,2141093346,0.00029724456805939786,0.021067415730337078,0.016408410131131358
116,2142093349,0.00030268595327890007,0.02071629213483146,0.01640626658404226
117,2143093352,0.0002986738504335787,0.019662921348314606,0.01627225431292158
118,2144093355,0.0003189533863571491,0.02071629213483146,0.016305741196001824
119,2145093358,0.0002950016229001661,0.021769662921348316,0.01645791071833314
120,2146093361,0.00031093167871428483,0.023525280898876403,0.016405889474839765
121,2147093364,0.0002969102613585984,0.018960674157303372,0.01638680737726488
122,2148093367,0.00030619326074173307,0.019311797752808987,0.016375113368477582
123,2149093370,0.0002970719694029629,0.021418539325842697,0.016322173463752365
124,2150093373,0.0003113374351343908,0.021769662921348316,0.0163153509884778
125,2151093376,0.00029172741587373105,0.02071629213483146,0.01620453320302998
126,2152093379,0.0002933576952830082,0.019311797752808987,0.016368236599618904
127,2153093382,0.0002954472810284126,0.019311797752808987,0.01631880230010656
128,2154093385,0.00032049879333409374,0.02071629213483146,0.016332776745340696
129,2155093388,0.0003081761642403316,0.02282303370786517,0.01630677884374853
130,2156093391,0.00029353839114259475,0.021769662921348316,0.016358909483926518
131,2157093394,0.00030118537615122533,0.021067415730337078,0.016396402319401295
132,2158093397,0.0002958064090799686,0.019311797752808987,0.016481048196027588
133,2159093400,0.00030447258690765173,0.018609550561797753,0.01641896587203279
134,2160093403,0.0003141167354630489,0.02422752808988764,0.016334338338451333
135,2161093406,0.0003068870914226764,0.02212078651685393,0.016148347501440417
136,2162093409,0.0003034188801444041,0.020014044943820225,0.016313395440167383
137,2163093412,0.0003151559752510247,0.016853932584269662,0.016307443180699148
138,2164093415,0.00030270813092977554,0.019311797752808987,0.016357186385015026
139,2165093418,0.00029312972616302976,0.019311797752808987,0.01642372912397204
140,2166093421,0.0002980014219686369,0.02282303370786517,0.016353420904969974
141,2167093424,0.00029914389291875904,0.018960674157303372,0.016381237760241498
142,2168093427,0.00030878084926849546,0.020365168539325844,0.016368009652383338
143,2169093430,0.000302286892630429,0.02071629213483146,0.01616135060936034
144,2170093433,0.00029957398157523486,0.02071629213483146,0.016370248915851246
145,2171093436,0.00029616827239153573,0.023174157303370788,0.01637183938053555
146,2172093439,0.0003119364063936663,0.019662921348314606,0.01646425861777321
147,2173093442,0.00029691573386053584,0.019311797752808987,0.016369918169682675
148,2174093445,0.0003063644424848954,0.021418539325842697,0.016447575376026067
149,2175093448,0.00029687996288964725,0.018960674157303372,0.01633823049865392
150,2176093451,0.0003052545209697174,0.021067415730337078,0.016310525974198093
151,2177093454,0.0003129531869585349,0.019662921348314606,0.016439838081422856
152,2178093457,0.00031344968546000537,0.021067415730337078,0.016362878017046927
153,2179093460,0.0002970695524044572,0.019311797752808987,0.016265283128354967
154,2180093463,0.000295022571589753,0.018960674157303372,0.016239063946098833
155,2181093466,0.000310759789351806,0.018609550561797753,0.016387124393522186
156,2182093469,0.00029588723434835647,0.02071629213483146,0.016325561261884624
157,2183093472,0.0003010128499915274,0.020014044943820225,0.016490195235823495
158,2184093475,0.00030013708720199916,0.020014044943820225,0.016351680953074828
159,2185093478,0.0002908560798054204,0.019311797752808987,0.01631371899286607
160,2186093481,0.00029356349949406015,0.021769662921348316,0.016195215237529294
161,2187093484,0.00030841279228639696,0.02282303370786517,0.01621247740101866
162,2188093487,0.0003138126454055006,0.020014044943820225,0.016388739427568244
163,2189093490,0.00030923499464059935,0.02212078651685393,0.01626022584459673
164,2190093493,0.00030749630733678806,0.020365168539325844,0.016306506022440836
165,2191093496,0.00029731963074886394,0.02247191011235955,0.016376045639819602
166,2192093499,0.0002976551602561748,0.020365168539325844,0.016446112152254992
167,2193093502,0.00030167854869625455,0.019662921348314606,0.016482841500900257
168,2194093505,0.0003042377782005337,0.019662921348314606,0.016412867762866195
169,2195093508,0.0002921564217752274,0.020014044943820225,0.01635648542614808
170,2196093511,0.0003102885026210393,0.021769662921348316,0.016334067650106972
171,2197093514,0.0003068945831904198,0.021769662921348316,0.016402495490811995
172,2198093517,0.0003132166577370372,0.020014044943820225,0.016403522055415093
173,2199093520,0.0002852178772082878,0.018960674157303372,0.016421337499263722
174,2200093523,0.0003112049493410434,0.02282303370786517,0.016335942899226682
175,2201093526,0.0003111962661468765,0.02247191011235955,0.016465745985666018
176,2202093529,0.00030459362301761404,0.019662921348314606,0.01645813652028337
177,2203093532,0.00031467018400043557,0.02071629213483146,0.01646010591752354
178,2204093535,0.0002975104863986576,0.02071629213483146,0.016359023529905727
179,2205093538,0.000291159458637279,0.018609550561797753,0.01626840793601003
180,2206093541,0.0002823976261076707,0.019662921348314606,0.016432078999022458
181,2207093544,0.0002868647527372642,0.0175561797752809,0.01639721287073822
182,2208093547,0.0002848891578804191,0.018960674157303372,0.01662272688813284
183,2209093550,0.0002923541784773045,0.02071629213483146,0.016405385763198346
184,2210093553,0.00030439869758213685,0.023174157303370788,0.016387107360363237
185,2211093556,0.00031054595451433445,0.019662921348314606,0.016370723272185334
186,2212093559,0.00031299782476359143,0.020365168539325844,0.016438528914191477
187,2213093562,0.0002947522708380185,0.020365168539325844,0.01644978900598815
188,2214093565,0.0002951827021893028,0.020365168539325844,0.016461318404478703
189,2215093568,0.0003118350401109792,0.02282303370786517,0.016331683510117354
190,2216093571,0.00031110775392390077,0.02247191011235955,0.016359654770429857
191,2217093574,0.0003113841018806695,0.02212078651685393,0.016305116722424046
192,2218093577,0.00029971516632422917,0.02212078651685393,0.01640518029523121
193,2219093580,0.0003173488889701275,0.023876404494382022,0.016337809318334763
194,2220093583,0.0003094682354954523,0.020014044943820225,0.016444581023122275
195,2221093586,0.00031527382351319235,0.02212078651685393,0.016432825938581214
196,2222093589,0.0002949361792409826,0.02247191011235955,0.016374844023345894
197,2223093592,0.00030303976230341214,0.019662921348314606,0.016424737338875554
198,2224093595,0.00028912972263803026,0.0175561797752809,0.01643815245667564
199,2225093598,0.00029036113355569606,0.019311797752808987,0.016296115000274804
200,2226093601,0.00029164653017126584,0.019662921348314606,0.016289184429720046
201,2227093604,0.00030790572279252605,0.021769662921348316,0.016580474436270164
202,2228093607,0.00031006681377358206,0.021769662921348316,0.016477618413067236
203,2229093610,0.0003004914908835805,0.021418539325842697,0.016220951529493887
204,2230093613,0.00030322938491466955,0.019311797752808987,0.016434077542124368
205,2231093616,0.00031641312219956983,0.02212078651685393,0.016365909690603572
206,2232093619,0.0002915155207645537,0.02247191011235955,0.016480516457681206
207,2233093622,0.00031619667488422195,0.021769662921348316,0.016275564480318833
208,2234093625,0.00030255975857870494,0.019662921348314606,0.016445567195259133
209,2235093628,0.00031113614645462344,0.02247191011235955,0.016410486824414785
210,2236093631,0.0003102415763984593,0.02071629213483146,0.016418669337443882
211,2237093634,0.0003076074188138468,0.019311797752808987,0.016466006176810277
212,2238093637,0.00028460859528110587,0.018609550561797753,0.01637132843542399
213,2239093640,0.00032042753142638394,0.019662921348314606,0.016490798257742925
214,2240093643,0.00030663860773058697,0.018609550561797753,0.016397064808194802
215,2241093646,0.00030818922300750607,0.02071629213483146,0.01626314645470616
216,2242093649,0.00030686735790753396,0.019662921348314606,0.01647110598372626
217,2243093652,0.0003057054281714828,0.023174157303370788,0.01641946587185883
218,2244093655,0.00031234869914307254,0.021418539325842697,0.01627773827523054
219,2245093658,0.0003043175116467292,0.021067415730337078,0.01629426238362947
220,2246093661,0.0003085343738090182,0.020014044943820225,0.016409704597589597
221,2247093664,0.00030106218727962394,0.02071629213483146,0.016310222906719133
222,2248093667,0.0002943192067762966,0.02212078651685393,0.01640264425677748
223,2249093670,0.0002951086243322526,0.01720505617977528,0.016337415453571272
224,2250093673,0.00028865253879314815,0.020365168539325844,0.016399396964443345
225,2251093676,0.00030331671564534044,0.019311797752808987,0.016426966909517234
226,2252093679,0.0002924759427791502,0.020014044943820225,0.016425598596970084
227,2253093682,0.00030900782669070713,0.021418539325842697,0.016145072500128196
228,2254093685,0.0002954870018989357,0.018609550561797753,0.0162802703787851
229,2255093688,0.000300314338265831,0.020365168539325844,0.016290666920071327
230,2256093691,0.00029392123750636597,0.020365168539325844,0.016410147142629915
231,2257093694,0.00030243950888166884,0.021067415730337078,0.0162329463090159
232,2258093697,0.0002994071664449558,0.018960674157303372,0.016366451162549093
233,2259093700,0.00030986940996390906,0.023876404494382022,0.016365206115993566
234,2260093703,0.0002924274863929363,0.02247191011235955,0.01639121799525048
235,2261093706,0.00029050849250393583,0.02071629213483146,0.016307357647522
236,2262093709,0.00031245410321543537,0.02247191011235955,0.01647767664487657
237,2263093712,0.0002923864043943148,0.021418539325842697,0.016408454950024853
238,2264093715,0.00029129480421105544,0.020014044943820225,0.016330814738010666
239,2265093718,0.0002994923579107474,0.018609550561797753,0.016252760734171916
240,2266093721,0.0003067684549513912,0.02212078651685393,0.016402338984690183
241,2267093724,0.00029549107095198197,0.021067415730337078,0.01643150844665396
242,2268093727,0.0003040704612414475,0.020365168539325844,0.016435218070717347
243,2269093730,0.00030173430627745425,0.021067415730337078,0.016471470973766958
244,2270093733,0.0002975363075168132,0.018609550561797753,0.01634342395812972
245,2271093736,0.0003073505918927401,0.021769662921348316,0.016374838867372992
246,2272093739,0.0003015182443844379,0.02212078651685393,0.016235142044820874
247,2273093742,0.0002944409200168633,0.019311797752808987,0.016407089936364055
248,2274093745,0.00030490178446704726,0.02282303370786517,0.016404369205763412
249,2275093748,0.00031097870321702373,0.021418539325842697,0.016278440987740717
250,2276093751,0.0003158820292570756,0.021067415730337078,0.01618135143782092
251,2277093754,0.00030356896957132735,0.02071629213483146,0.01624481050290571
252,2278093757,0.0002992737022802905,0.021418539325842697,0.016442154062460603
253,2279093760,0.00029595942969989653,0.023174157303370788,0.016376700325555854
254,2280093763,0.00030541214282077996,0.02247191011235955,0.01640925366275226
255,2281093766,0.0002994112169028392,0.019662921348314606,0.01628799420466726
256,2282093769,0.000308716082503523,0.020014044943820225,0.01636858369722417
257,2283093772,0.0002939781549526118,0.01720505617977528,0.016548857962520692
258,2284093775,0.0002896673485548513,0.020365168539325844,0.0164066976044044
259,2285093778,0.000295246482225738,0.018960674157303372,0.016303020585075878
260,2286093781,0.00031188095867528423,0.020365168539325844,0.016417346504642553
261,2287093784,0.00030301828984638984,0.021067415730337078,0.016410865263576786
262,2288093787,0.0003064779136758759,0.019311797752808987,0.01644056859851798
263,2289093790,0.00030402586541473394,0.018960674157303372,0.01648302506107646
264,2290093793,0.0002973539246866918,0.020365168539325844,0.016344317781527118
265,2291093796,0.00030326661191360616,0.021769662921348316,0.016404913260240215
266,2292093799,0.0003093287674076458,0.020365168539325844,0.01637833000485584
267,2293093802,0.00031158741283943733,0.02247191011235955,0.01634784216296809
268,2294093805,0.000295271984287247,0.0175561797752809,0.016436071051392685
269,2295093808,0.00030213546053624524,0.018960674157303372,0.01627301605259616
270,2296093811,0.00029740569077514546,0.0175561797752809,0.016171634107566894
271,2297093814,0.00029321301532761094,0.02212078651685393,0.016342236649217516
272,2298093817,0.00029790500952743565,0.018960674157303372,0.016355872641657356
273,2299093820,0.0002952425892234622,0.02071629213483146,0.016417956958196308
274,2300093823,0.0002942930593082095,0.019311797752808987,0.016333910875880556
275,2301093826,0.0002879036449910574,0.020365168539325844,0.016420254465896324
276,2302093829,0.0002945258678906348,0.021067415730337078,0.016225019928459178
277,2303093832,0.0003029663523658843,0.018609550561797753,0.01640879476640287
278,2304093835,0.00030745987318123006,0.020014044943820225,0.016618301630044123
279,2305093838,0.0003118946856604425,0.020365168539325844,0.016403640584197736
280,2306093841,0.0003006638156599982,0.018258426966292134,0.01646594196418915
281,2307093844,0.00030740477376214615,0.019311797752808987,0.016354503932931277
282,2308093847,0.0002914807503609868,0.02282303370786517,0.016434112364002017
283,2309093850,0.000301185298398409,0.020365168539325844,0.016236894589784695
284,2310093853,0.0003101226545952335,0.02457865168539326,0.016348541128773743
285,2311093856,0.00030391253257185704,0.020014044943820225,0.01629930228819775
286,2312093859,0.0003041239777173888,0.019662921348314606,0.016339483318587446
287,2313093862,0.00030141349870514884,0.019311797752808987,0.01627352256192726
288,2314093865,0.00029460684899708275,0.02071629213483146,0.016434246552866738
289,2315093868,0.00030492693529722965,0.020365168539325844,0.01628935659208073
290,2316093871,0.00029253107927532253,0.017907303370786515,0.016668838218237624
291,2317093874,0.0002919932870649914,0.019662921348314606,0.016412931075781595
292,2318093877,0.00029865370012227685,0.023525280898876403,0.01638906910322078
293,2319093880,0.00029820421883619585,0.020365168539325844,0.016408645931420874
294,2320093883,0.00029903615541905217,0.021769662921348316,0.016292353332802025
295,2321093886,0.00032230119951160395,0.023525280898876403,0.01640958458315116
296,2322093889,0.00030551169917925807,0.021418539325842697,0.01642122646636882
297,2323093892,0.0003049178434405537,0.019662921348314606,0.016428422790245433
298,2324093895,0.00030326658107842415,0.019662921348314606,0.016329630508469743
299,2325093898,0.0003069962946967573,0.021418539325842697,0.016349062910319217
300,2326093901,0.000309773552496827,0.02212078651685393,0.01631126055577115
301,2327093904,0.00030087391121450625,0.02071629213483146,0.016465058648576048
302,2328093907,0.0003050485225292758,0.02071629213483146,0.016355910029963807
303,2329093910,0.00031925910730579,0.021769662921348316,0.016314222699319994
304,2330093913,0.0003056328996803024,0.02071629213483146,0.016230431046360943
305,2331093916,0.00029910045503543593,0.021067415730337078,0.01651023513583304
306,2332093919,0.00029294081687037337,0.018960674157303372,0.016411098406348735
307,2333093922,0.0003059799551973694,0.018960674157303372,0.016381218159786555
308,2334093925,0.0002980601197631442,0.019662921348314606,0.01643531156914452
309,2335093928,0.0002947577641732116,0.016853932584269662,0.01620346210542572
310,2336093931,0.00029426902219550585,0.020365168539325844,0.01645099368632588
311,2337093934,0.0003023444337183132,0.02212078651685393,0.016479389958510112
312,2338093937,0.0003099991306548879,0.019311797752808987,0.016386218285892526
313,2339093940,0.0003022033914756215,0.02071629213483146,0.016409631671431543
314,2340093943,0.00030657235700675854,0.02212078651685393,0.01630110881516161
315,2341093946,0.00031463959324605484,0.019662921348314606,0.016431795468067938
316,2342093949,0.00030353395704597213,0.018960674157303372,0.016448964519491426
317,2343093952,0.00030152958859889074,0.02071629213483146,0.016190670272109412
318,2344093955,0.00029951738334585686,0.020014044943820225,0.016318686784803575
319,2345093958,0.0003069009753785942,0.018609550561797753,0.016411158817049566
320,2346093961,0.00030460410772696676,0.023525280898876403,0.016267459078280495
321,2347093964,0.0002988697015713445,0.021769662921348316,0.016453680595347006
322,2348093967,0.0002995115601448982,0.019662921348314606,0.01649459065690246
323,2349093970,0.0003095394025599994,0.02071629213483146,0.016209313519627393
324,2350093973,0.0002981476653108562,0.018609550561797753,0.016338336758883895
325,2351093976,0.00030305956060253277,0.02212078651685393,0.016318275510593443
326,2352093979,0.000300592196459307,0.021067415730337078,0.016460186692559577
327,2353093982,0.0002902389590225635,0.018609550561797753,0.016147755936946177
328,2354093985,0.0003091192854314109,0.018960674157303372,0.016250516707901584
329,2355093988,0.00032542842710074,0.02071629213483146,0.0164981084852817
330,2356093991,0.00030143422181272064,0.019311797752808987,0.016386564792664652
331,2357093994,0.00030351889252846207,0.0175561797752809,0.016394825197282636
332,2358093997,0.00031338320713298164,0.021067415730337078,0.01644680252061475
333,2359094000,0.00029949514005844915,0.021418539325842697,0.016442782652178703
334,2360094003,0.00030882793659897385,0.020014044943820225,0.016387676675083212
335,2361094006,0.0003039540939329426,0.021418539325842697,0.016372354816928072
336,2362094009,0.0002986529941242776,0.019662921348314606,0.016304496161464156
337,2363094012,0.00030183235671953394,0.018258426966292134,0.016249892211249437
338,2364094015,0.00029024139054135924,0.020014044943820225,0.016467965567892442
339,2365094018,0.00030352116728137285,0.01720505617977528,0.016393516383549127
340,2366094021,0.0003178479826379533,0.020014044943820225,0.01627717285552881
341,2367094024,0.00029160705932619477,0.021769662921348316,0.016322993440103396
342,2368094027,0.00030698576702003344,0.018960674157303372,0.01653036423931438
343,2369094030,0.0003069374344721716,0.02071629213483146,0.016360652151800506
344,2370094033,0.00030392917740638454,0.021418539325842697,0.01628991590632015
345,2371094036,0.00031658248116656827,0.021067415730337078,0.016467647732700135
346,2372094039,0.00029059711665617113,0.023174157303370788,0.016138956865096317
347,2373094042,0.00028174220016602837,0.020014044943820225,0.016436489967249307
348,2374094045,0.0003015844624203775,0.020365168539325844,0.01642071682250848
349,2375094048,0.0003089409209823542,0.021769662921348316,0.016485393199261053
350,2376094051,0.00030272457789458135,0.021067415730337078,0.016257173363056942
351,2377094054,0.00030751709587929294,0.02212078651685393,0.01640472326161767
352,2378094057,0.00030062044347848406,0.020365168539325844,0.016425895677637734
353,2379094060,0.00031433158548084837,0.020014044943820225,0.016300022952868677
354,2380094063,0.0002970849144001471,0.0175561797752809,0.016377597993957632
355,2381094066,0.00029949234925953286,0.019311797752808987,0.016341107708715507
356,2382094069,0.0003127423634896785,0.023525280898876403,0.016246942884699248
357,2383094072,0.0003084639112672654,0.02282303370786517,0.016500078610373715
358,2384094075,0.0003127115725410372,0.02212078651685393,0.01629412875624222
359,2385094078,0.0002829586817733934,0.018960674157303372,0.016518414783091875
360,2386094081,0.0003094167945339036,0.02282303370786517,0.016489305978493143
361,2387094084,0.0003053504485502794,0.02282303370786517,0.016325835089457223
362,2388094087,0.00031803629935278204,0.021067415730337078,0.01637088128030316
363,2389094090,0.0002974723097497569,0.017907303370786515,0.016379695264233315
364,2390094093,0.0003115418180111466,0.023525280898876403,0.016198068866888907
365,2391094096,0.0003055283968102791,0.023174157303370788,0.01620727742119967
366,2392094099,0.0003161742486387443,0.02247191011235955,0.016421818891505333
367,2393094102,0.00032186245462343326,0.021418539325842697,0.016345190498320155
368,2394094105,0.0002992573819914681,0.021067415730337078,0.016317857944667967
369,2395094108,0.00029070408918954803,0.020365168539325844,0.016116866892993915
370,2396094111,0.0003065010655422985,0.023174157303370788,0.01638792757813907
371,2397094114,0.00029861878351393023,0.021418539325842697,0.016117128652621358
372,2398094117,0.00029593936651061336,0.019662921348314606,0.016452614305857483
373,2399094120,0.0003026153417481254,0.020365168539325844,0.01651663092319689
374,2400094123,0.0003031906314944092,0.020365168539325844,0.01631674485597745
375,2401094126,0.00032011431724161707,0.023876404494382022,0.016363013679278077
376,2402094129,0.00030058375684158213,0.021067415730337078,0.016231905254278808
377,2403094132,0.0002919454910285816,0.021418539325842697,0.01635645983720146
378,2404094135,0.0003035176599746059,0.018960674157303372,0.016436745849997915
379,2405094138,0.0003038431573882198,0.020365168539325844,0.016433289680570992
380,2406094141,0.00031156185128652784,0.02071629213483146,0.01634382647439535
381,2407094144,0.00030930864100676167,0.018960674157303372,0.016503049418566628
382,2408094147,0.00028905567579475206,0.020014044943820225,0.01646222689976064
383,2409094150,0.0002977423295163308,0.019662921348314606,0.016352156613838466
384,2410094153,0.0002981082797588639,0.018609550561797753,0.01639758253852366
385,2411094156,0.00028666956730585694,0.019662921348314606,0.01631417965920307
386,2412094159,0.00030555606268845465,0.021418539325842697,0.0164166319251334
387,2413094162,0.0002987309674381281,0.019311797752808987,0.016225147802142695
388,2414094165,0.0002949485328528461,0.019662921348314606,0.0164331248317516
389,2415094168,0.0003139050470598373,0.02247191011235955,0.016399573890138044
390,2416094171,0.00030837695970945293,0.02282303370786517,0.01632639712172143
391,2417094174,0.00029243303638448466,0.019662921348314606,0.016174580023434103
392,2418094177,0.00031165212569915594,0.02247191011235955,0.01640077758739737
393,2419094180,0.00029232725092988375,0.019311797752808987,0.016548801062965912
394,2420094183,0.00030188312969621885,0.021418539325842697,0.01634556055641036
395,2421094186,0.0003028405266720709,0.020365168539325844,0.016390716486928598
396,2422094189,0.0002932220541078933,0.02247191011235955,0.016401999498989014
397,2423094192,0.0002927507506848333,0.020014044943820225,0.016363212669952085
398,2424094195,0.0003050159828829049,0.019311797752808987,0.01636958949827712
399,2425094198,0.00030969314150944624,0.021418539325842697,0.016454033877667747
400,2426094201,0.00030932656786136835,0.021418539325842697,0.016211558005096074
401,2427094204,0.0003069222325063422,0.021418539325842697,0.016377652205135793
402,2428094207,0.00030442720925549283,0.02071629213483146,0.016314273386586878
403,2429094210,0.000298306965579268,0.020014044943820225,0.016210812028413138
404,2430094213,0.0003221168147586611,0.02212078651685393,0.016267593989395413
405,2431094216,0.0003007486328162692,0.019662921348314606,0.016404350169093827
406,2432094219,0.0003175431635957334,0.02282303370786517,0.01631160700890002
407,2433094222,0.0002924146936612138,0.019311797752808987,0.016356938299240044
408,2434094225,0.0003146731194552469,0.020014044943820225,0.01633598156848413
409,2435094228,0.0002924061013979657,0.018960674157303372,0.016286178900186944
410,2436094231,0.00029292447741937185,0.02071629213483146,0.016324961142148757
411,2437094234,0.00029917453749934747,0.02071629213483146,0.016161566847201908
412,2438094237,0.0003013739978901874,0.02071629213483146,0.016353584089285094
413,2439094240,0.0002969391777366436,0.018960674157303372,0.01627254964795325
414,2440094243,0.0002999782851500013,0.021418539325842697,0.01640761066946198
415,2441094246,0.00031322188816695266,0.02071629213483146,0.016444240858104843
416,2442094249,0.00027954658939545696,0.020014044943820225,0.0163451394883749
417,2443094252,0.00029035535724189666,0.017907303370786515,0.016283627011594862
418,2444094255,0.0002912554462704478,0.018258426966292134,0.01631663997398341
419,2445094258,0.00029630370876455723,0.02071629213483146,0.016385176295455998
420,2446094261,0.0002997941384494744,0.021769662921348316,0.016210008581364635
421,2447094264,0.0003114409956817686,0.021418539325842697,0.0162268392934884
422,2448094267,0.00030094501000611795,0.018960674157303372,0.016318278927146126
423,2449094270,0.0003023923291604513,0.023525280898876403,0.016425433199965374
424,2450094273,0.0003049554067112791,0.019662921348314606,0.016338859247587097
425,2451094276,0.0002916991278750463,0.02071629213483146,0.01651098207830518
426,2452094279,0.0003030128614452331,0.02071629213483146,0.016174867814856882
427,2453094282,0.0002938262767792695,0.017907303370786515,0.01642740799299092
428,2454094285,0.00029687703986009414,0.021769662921348316,0.01633630432296389
429,2455094288,0.0003052254881924508,0.019311797752808987,0.016406073716391953
430,2456094291,0.00031256821185029305,0.02071629213483146,0.01647268077473146
431,2457094294,0.00031035582023967935,0.02247191011235955,0.016099008818875254
432,2458094297,0.00030734999064318093,0.02422752808988764,0.016375193762065546
433,2459094300,0.00029172092497536847,0.019662921348314606,0.016483429155616805
434,2460094303,0.00029362458146666066,0.02212078651685393,0.01635645488515707
435,2461094306,0.0002839330062259872,0.018609550561797753,0.016331159179677476
436,2462094309,0.00030780468899924655,0.021418539325842697,0.016482391745749912
437,2463094312,0.0002940274340384741,0.019311797752808987,0.01640748920502355
438,2464094315,0.0002871254902172599,0.018960674157303372,0.016281734298861452
439,2465094318,0.00030566119476912253,0.02071629213483146,0.016439651512351827
440,2466094321,0.00030527515107491027,0.021769662921348316,0.016377674269822527
441,2467094324,0.0002999528204053402,0.021769662921348316,0.01637566031739969
442,2468094327,0.00031367344988384214,0.021769662921348316,0.01633683299497497
443,2469094330,0.00029816402103563516,0.021067415730337078,0.016377555083880016
444,2470094333,0.00031673155781796017,0.02247191011235955,0.01629992304646165
445,2471094336,0.0002956936787478403,0.023174157303370788,0.01623217218468519
446,2472094339,0.00031303433272068576,0.021418539325842697,0.016551147110715828
447,2473094342,0.00030176961416303197,0.020014044943820225,0.01622153653965275
448,2474094345,0.00030045006350710323,0.02282303370786517,0.01641943293164426
449,2475094348,0.00030968781456478233,0.020365168539325844,0.01646992898698568
450,2476094351,0.00029361531379611133,0.018609550561797753,0.01621637014841157
451,2477094354,0.0003089333328991122,0.018609550561797753,0.016348942986969813
452,2478094357,0.00030732941068960934,0.019662921348314606,0.016356661520570095
453,2479094360,0.00030062444778880965,0.020014044943820225,0.01635110927850624
454,2480094363,0.0003100521744615559,0.021418539325842697,0.016534189078175977
455,2481094366,0.00030040196384224007,0.021769662921348316,0.016339975883541906
456,2482094369,0.0003076609037570925,0.021418539325842697,0.016301827124608818
457,2483094372,0.00030467593582201815,0.019662921348314606,0.01627534435359719
458,2484094375,0.0003015013245359445,0.019311797752808987,0.016284072884480975
459,2485094378,0.00031331089020422427,0.02071629213483146,0.01637286985189753
460,2486094381,0.000302106380821588,0.020014044943820225,0.01634928903113859
461,2487094384,0.00030746209574269523,0.021067415730337078,0.016401985793813138
462,2488094387,0.00030999819093972206,0.020014044943820225,0.016313502677256685
463,2489094390,0.0002988932212084834,0.021067415730337078,0.01641038131412419
464,2490094393,0.0002943605482594639,0.019662921348314606,0.016409079037501634
465,2491094396,0.0003117484322386748,0.02247191011235955,0.016423969768732137
466,2492094399,0.00029099668854971027,0.020014044943820225,0.016481614043516116
467,2493094402,0.00030340477730356744,0.019662921348314606,0.016328476595176496
468,2494094405,0.0003052120594673828,0.023525280898876403,0.016434006174085098
469,2495094408,0.0003014578533961231,0.019662921348314606,0.016442360498097375
470,2496094411,0.0003050340136863708,0.021067415730337078,0.016276035482613853
471,2497094414,0.00030727199879882557,0.020014044943820225,0.01629454156450562
472,2498094417,0.0003188938152060699,0.02212078651685393,0.016496767953744062
473,2499094420,0.00030247106037545617,0.0175561797752809,0.016430878639459353
474,2500094423,0.0002872328415483911,0.020014044943820225,0.016437371847876508
475,2501094426,0.0002965280258366216,0.020365168539325844,0.016255497360070634
476,2502094429,0.00029937546622753157,0.02247191011235955,0.016170646119934056
477,2503094432,0.0002934714935633779,0.016853932584269662,0.0165683881367049
478,2504094435,0.0003152502194707765,0.02282303370786517,0.01647326291555159
479,2505094438,0.0003096393462997548,0.02071629213483146,0.016433475889762756
480,2506094441,0.0002972447284645011,0.021067415730337078,0.016273126025244625
481,2507094444,0.00029624181618847275,0.018609550561797753,0.01643360679774056
482,2508094447,0.00030166840407311324,0.02071629213483146,0.01634160070550872
483,2509094450,0.00030674702352664305,0.021769662921348316,0.01634254771439153
484,2510094453,0.0002965559701934426,0.020014044943820225,0.016548267697231632
485,2511094456,0.00029598017735387247,0.021067415730337078,0.01634328936704852
486,2512094459,0.00030539046947595914,0.02071629213483146,0.016360318852858637
487,2513094462,0.00030788554436063533,0.02282303370786517,0.01625696431321034
488,2514094465,0.0003084548954107957,0.02071629213483146,0.01617090168477588
489,2515094468,0.0003002302859633646,0.02071629213483146,0.016597523371514173
490,2516094471,0.0002989725194869485,0.017907303370786515,0.016509414936171363
491,2517094474,0.0002996000538910021,0.02071629213483146,0.01640027667744174
492,2518094477,0.00028251070311916974,0.021769662921348316,0.01630219195798212
493,2519094480,0.00031147274296131853,0.02212078651685393,0.016450369032714653
494,2520094483,0.0003000509198128207,0.021769662921348316,0.01642427998881091
495,2521094486,0.00030574946619938554,0.02071629213483146,0.016292397277267664
496,2522094489,0.0003196682750726759,0.020014044943820225,0.016335721419518386
497,2523094492,0.0003055539906434401,0.02071629213483146,0.016417590601468954
498,2524094495,0.00029955092621351814,0.023174157303370788,0.016487306452516833
499,2525094498,0.00031538803218599345,0.02071629213483146,0.016339398285576998
