window_number,forecast_date,seed,mean_original_to_shuffle_distance,median_original_to_shuffle_distance,mean_shuffle_to_shuffle_distance,median_shuffle_to_shuffle_distance,distance_difference,original_centrality_percentile,original_landscape_norm,mean_shuffled_landscape_norm
0,2015-01-02,2026093002,0.5380532175174749,0.512792894210017,0.44808282961623747,0.4339328877905922,0.08997038790123746,0.8461538461538461,0.472786182510654,0.4059148048486606
1,2015-02-13,2027093005,0.4070463479528717,0.41126486395503253,0.48160026063583644,0.4792116218260379,-0.07455391268296474,0.19230769230769232,0.2681706643513586,0.4134925399375184
2,2015-03-27,2028093008,0.5756964483427717,0.5589910643446784,0.5578659411939276,0.5404673494864559,0.017830507148844044,0.7307692307692307,0.4537783657007753,0.4982126552389683
3,2015-05-07,2029093011,0.4375903947553993,0.42704636981086713,0.47173486806779524,0.4508668403091447,-0.03414447331239595,0.5384615384615384,0.2237379042483776,0.3852140030592207
4,2015-06-18,2030093014,0.43752622656708423,0.3570339200006763,0.5351525652339821,0.5316352876330243,-0.0976263386668979,0.2692307692307692,0.15148813180975243,0.4532966040418353
5,2015-07-30,2031093017,0.6130644857285874,0.5796828093557929,0.5244379056265339,0.5188792303977384,0.08862658010205349,0.8846153846153846,0.5182077233139895,0.4709925976165669
6,2015-09-10,2032093020,0.46835873206710477,0.42067574321135254,0.5265468346719127,0.511966065829059,-0.05818810260480789,0.46153846153846156,0.3164217863038427,0.4269184478951059
7,2015-10-20,2033093023,0.364153213539796,0.3477117915270508,0.42364380340547364,0.40316208463591074,-0.05949058986567762,0.38461538461538464,0.1691554463175162,0.33976794526593534
8,2015-12-01,2034093026,0.3800506139336982,0.3371601273401858,0.46984363353131625,0.45193351971445045,-0.08979301959761804,0.15384615384615385,0.16027041872164932,0.3980880251407596
9,2016-01-13,2035093029,0.40720690908447177,0.382200154892095,0.4135695836989271,0.40229815675150726,-0.0063626746144553326,0.6153846153846154,0.31633534001246927,0.3417431773218377
10,2016-02-25,2036093032,0.37629349642004434,0.3078343959458745,0.4616337215641352,0.4254820463998753,-0.08534022514409084,0.2692307692307692,0.20834755306883113,0.35671171165224286
11,2016-04-06,2037093035,0.45259412709949837,0.39766394824659707,0.49693917329938303,0.44983792269056155,-0.04434504619988466,0.5,0.31383884348269636,0.4358893437764336
12,2016-05-17,2038093038,0.40743440712217277,0.369142476273766,0.43913617726834586,0.4498761146547726,-0.03170177014617309,0.5384615384615384,0.24804342841027133,0.3455030029673293
13,2016-06-28,2039093041,0.4068739904237157,0.37861819468131774,0.45060344642955463,0.42660231820387584,-0.04372945600583894,0.46153846153846156,0.238202318879791,0.3686387951419565
14,2016-08-09,2040093044,0.37670435782931755,0.32998738133129196,0.45275178765925406,0.41685596723287255,-0.07604742982993651,0.23076923076923078,0.2789201324003293,0.3538051726329388
15,2016-09-19,2041093047,0.5017179430364493,0.4845923012563122,0.4582720384616626,0.42835463837824583,0.04344590457478675,0.8076923076923077,0.45574747802041427,0.3567382250223647
16,2016-10-28,2042093050,0.33853072097431125,0.3260693122055448,0.3676297509959096,0.36792896664562774,-0.02909903002159836,0.46153846153846156,0.1654310457465845,0.3058356285256048
17,2016-12-09,2043093053,0.39401789541831644,0.3481240063732853,0.4066597627144049,0.39648476732705873,-0.01264186729608846,0.6538461538461539,0.2099229957983525,0.32300692082985116
18,2017-01-24,2044093056,0.3173632460076848,0.2844224113444663,0.3643309097396161,0.3439523890030281,-0.04696766373193134,0.5,0.22090616918177097,0.27014681849765876
19,2017-03-06,2045093059,0.34330424427233075,0.3288354152018934,0.3552730051776146,0.35191914843483263,-0.01196876090528387,0.46153846153846156,0.3314154260866231,0.2735164914183401
20,2017-04-17,2046093062,0.2854652819572891,0.2762326954472075,0.3596285733053294,0.3533055884036934,-0.07416329134804028,0.3076923076923077,0.15330579703727182,0.27199387644672773
21,2017-05-26,2047093065,0.4636957255328842,0.45141231432906076,0.35728879843315514,0.36278981274744837,0.10640692709972904,0.9230769230769231,0.42366646763616306,0.2735049626305189
22,2017-07-10,2048093068,0.3897294564112152,0.3687789933692218,0.41399326461806385,0.39164549055180903,-0.024263808206848647,0.5769230769230769,0.3540378187030883,0.3417425651092882
23,2017-08-17,2049093071,0.40652076887627636,0.38845476573717796,0.36716010066256766,0.3441206002906063,0.039360668213708705,0.7307692307692307,0.39776744092312566,0.2697295378516603
24,2017-09-28,2050093074,0.32453438484376745,0.31903572958063847,0.42417951632341866,0.4270622796013823,-0.0996451314796512,0.038461538461538464,0.09401686459507609,0.33149940667819633
25,2017-11-08,2051093077,0.49645727754532953,0.4816099485896683,0.3186695933606963,0.2853188904325422,0.17778768418463325,0.9615384615384616,0.440253122607128,0.2483349275341213
26,2017-12-20,2052093080,0.42361809454035876,0.417124722116788,0.4152117586375107,0.39218586559377333,0.008406335902848061,0.7307692307692307,0.46587656801238936,0.34230255025188944
27,2018-02-01,2053093083,0.4130024460131566,0.3473360209132493,0.4678473683312459,0.417924909636614,-0.054844922318089295,0.46153846153846156,0.23435774642328194,0.36235513928398644
28,2018-03-15,2054093086,0.26266458577009444,0.21531531748054436,0.3466133163157467,0.3339383124359533,-0.08394873054565227,0.23076923076923078,0.10603345339910593,0.2533622318421301
29,2018-04-26,2055093089,0.2485239514115004,0.22619700879060478,0.19609316418583286,0.1789586278394658,0.05243078722566755,0.8461538461538461,0.20603554354405537,0.1321626557540681
30,2018-06-07,2056093092,0.3071856950593622,0.2168381693252818,0.3740573267916761,0.3145433735158332,-0.06687163173231386,0.5384615384615384,0.13585557117695893,0.26188687553667983
31,2018-07-18,2057093095,0.3107744415481899,0.29360770254350016,0.2798987002672418,0.28549702894058776,0.03087574128094811,0.6538461538461539,0.23653223815650978,0.20177152265761428
32,2018-08-28,2058093098,0.3216674837545304,0.25523410582034184,0.4184424809012089,0.37364027981511494,-0.09677499714667848,0.19230769230769232,0.14882967411024456,0.30867483787318206
33,2018-10-09,2059093101,0.28020663093426396,0.24589819553656903,0.3387579434529741,0.3337304260534726,-0.05855131251871015,0.07692307692307693,0.2427815854032167,0.28434581850378776
34,2018-11-19,2060093104,0.3219849511595803,0.23972428808730453,0.4356468391559465,0.4051267085451919,-0.11366188799636617,0.15384615384615385,0.04085594850377085,0.3176477716852252
35,2019-01-03,2061093107,0.27986388537921575,0.27107631691518896,0.35081098418140855,0.3492080895064564,-0.0709470988021928,0.038461538461538464,0.07854784911733723,0.28099420777791856
36,2019-02-13,2062093110,0.37631643926600533,0.3442339854429781,0.47581882511086027,0.448217325025193,-0.09950238584485493,0.19230769230769232,0.016857079311226757,0.3759180511204484
37,2019-03-27,2063093113,0.23687592966301071,0.184230865886249,0.32914700206005193,0.3244020023330413,-0.09227107239704121,0.038461538461538464,0.04712335477603458,0.23873693423394834
38,2019-05-08,2064093116,0.27515410161974013,0.2741911979217927,0.372899556770029,0.36684118814393835,-0.09774545515028887,0.07692307692307693,0.049410792597701536,0.2744829255897093
39,2019-06-19,2065093119,0.2728545211484372,0.24920990241836885,0.330416388095138,0.3384614758534706,-0.05756186694670079,0.34615384615384615,0.1645952627672928,0.25078924796790875
40,2019-07-30,2066093122,0.356592282898279,0.34769705042137994,0.4078438440075189,0.3637480027912132,-0.051251561109239896,0.38461538461538464,0.20806523018118409,0.3065141009571042
41,2019-09-10,2067093125,0.3070538649026177,0.30424081030825856,0.4083433309696567,0.3869736022335991,-0.10128946606703898,0.038461538461538464,0.05000009042258373,0.3096120406045866
42,2019-10-21,2068093128,0.35662184120248924,0.2404190850779733,0.4735711205233732,0.4455542771796223,-0.11694927932088395,0.15384615384615385,0.1223219204546514,0.35122704218472334
43,2019-12-02,2069093131,0.3375288080164684,0.2924757709221531,0.38198931134508646,0.3523477860240368,-0.04446050332861806,0.46153846153846156,0.2222088618518338,0.2970479934691308
44,2020-01-13,2070093134,0.39673166899514895,0.3859990392577158,0.4795255685616655,0.48900631036875364,-0.08279389956651656,0.19230769230769232,0.0357780546365536,0.4016826577950983
45,2020-02-25,2071093137,0.5786036673335512,0.5490431267640093,0.46503169383446796,0.46209472342503977,0.11357197349908321,0.9230769230769231,0.5509863235731317,0.3766319524305658
46,2020-04-06,2072093140,0.10516927577852711,0.06255934595467268,0.14886925838514775,0.10246776932566565,-0.04369998260662064,0.34615384615384615,0.03955505413102455,0.09300720251062292
47,2020-05-18,2073093143,0.11922249490128614,0.09434267302199051,0.17348919053911283,0.14319903682230783,-0.054266695637826684,0.038461538461538464,0.009921596843807568,0.11870544149103746
48,2020-06-26,2074093146,0.12030542713209699,0.0903654115707166,0.14512785285050508,0.1363870832916101,-0.024822425718408092,0.46153846153846156,0.06900410464004611,0.09565460556425305
49,2020-08-07,2075093149,0.13716423734626507,0.10653764829835691,0.17699220636941743,0.15149281650943672,-0.03982796902315236,0.38461538461538464,0.0716728836064253,0.11313439497056468
50,2020-09-18,2076093152,0.1381582998515236,0.1138960856514266,0.15487532344791466,0.14871327469032644,-0.016717023596391045,0.5,0.07945917462752891,0.1088362904236756
51,2020-10-29,2077093155,0.21644132447369469,0.185579703594709,0.1947450200284813,0.1625397586054785,0.021696304445213394,0.8076923076923077,0.16590258452146345,0.13360983614880984
52,2020-12-09,2078093158,0.21528422069022501,0.19706278305979344,0.26405005200853,0.2480812290253668,-0.048765831318304975,0.2692307692307692,0.09355835589043975,0.19635055406284174
53,2021-01-22,2079093161,0.20162652978215245,0.14574747609684208,0.2477077561572042,0.2304554987766908,-0.04608122637505174,0.5384615384615384,0.09996498997135113,0.1704971240660004
54,2021-03-05,2080093164,0.20875763857319657,0.2069280170584398,0.2205366848551074,0.22228881030585335,-0.011779046281910843,0.46153846153846156,0.15921789070282893,0.17402674114520766
55,2021-04-16,2081093167,0.5012964948213479,0.44386424376080014,0.531190900857348,0.43903274859747987,-0.029894406036000132,0.6923076923076923,0.43215307948041776,0.4257579229383231
56,2021-05-26,2082093170,0.35132422285944015,0.3263800731554094,0.42251671676549185,0.4075519705137407,-0.0711924939060517,0.19230769230769232,0.1472888498797595,0.3724278579998572
57,2021-07-08,2083093173,0.5540715819471149,0.5144506479711319,0.5224785547613451,0.5186430572116525,0.03159302718576984,0.6923076923076923,0.43999090036264266,0.44900077315692527
58,2021-08-18,2084093176,0.4063554544554485,0.4061498338866908,0.5127299885755772,0.5106184876283799,-0.10637453412012865,0.23076923076923078,0.06138879053076996,0.40768385746883234
59,2021-09-29,2085093179,0.3392121761569939,0.3300957740940127,0.4208583923022047,0.3926712325123879,-0.08164621614521078,0.07692307692307693,0.3208168064354299,0.36125264701438353
60,2021-11-08,2086093182,0.4076211830884492,0.32948654628526003,0.4706394686235886,0.43795132342132315,-0.06301828553513938,0.23076923076923078,0.0735993030106423,0.418957548906018
61,2021-12-20,2087093185,0.4824719290604099,0.464390866082776,0.5739687815471759,0.5525097665528416,-0.09149685248676598,0.2692307692307692,0.13425949212251806,0.5076133600040031
62,2022-02-01,2088093188,0.49462899680773603,0.5034799050620082,0.4290111623319979,0.4021958282000043,0.06561783447573816,0.7692307692307693,0.5488378651210781,0.36940147402204704
63,2022-03-15,2089093191,0.44050994179607633,0.3861343129604612,0.5273816532530843,0.5177834295861469,-0.08687171145700795,0.23076923076923078,0.16011069619240376,0.44693263610559847
64,2022-04-25,2090093194,0.40544999946932386,0.41189240442229075,0.48849139493273147,0.4809634867627876,-0.08304139546340761,0.19230769230769232,0.15859783821917256,0.4099233484885198
65,2022-06-06,2091093197,0.526578666005054,0.48611742874703184,0.5749345487893348,0.54841620868356,-0.048355882784280824,0.38461538461538464,0.20726686504270134,0.4919461263045188
66,2022-07-19,2092093200,0.4007318865005476,0.3844741756504648,0.4626657578249796,0.4474981828805971,-0.06193387132443201,0.4230769230769231,0.1265255666670932,0.4069004826391081
67,2022-08-29,2093093203,0.33283636955230117,0.24765678656865991,0.405791726657073,0.39302596661911005,-0.07295535710477186,0.46153846153846156,0.18063376328274805,0.30891789256127317
68,2022-10-10,2094093206,0.48333565613408036,0.512877079996467,0.550027539934286,0.5535506918171675,-0.06669188380020563,0.15384615384615385,0.15248034686729892,0.5142141122160675
69,2022-11-17,2095093209,0.4723559351051373,0.4255273996726185,0.5158071911925812,0.5154346008175269,-0.043451256087443935,0.38461538461538464,0.1744374267932612,0.5134434972665541
70,2022-12-30,2096093212,0.5754349899388118,0.6370404380684415,0.6054191360423704,0.5969858966144368,-0.029984146103558595,0.5,0.7282121479268597,0.5798576299958088
71,2023-02-13,2097093215,0.7440703323567905,0.7190999920957721,0.5959383654712708,0.576848946972147,0.14813196688551977,0.8846153846153846,0.7856609258737359,0.596083368359041
72,2023-03-27,2098093218,0.48466107180196194,0.4606005452105533,0.5140761831019282,0.48858697460767075,-0.029415111299966212,0.6153846153846154,0.16818499198457848,0.4637666526511989
73,2023-05-05,2099093221,0.7113234819736778,0.7118704640107333,0.4999415255891679,0.500895162931672,0.2113819563845099,0.9615384615384616,0.7221478568755684,0.44677902435731637
74,2023-06-16,2100093224,0.4943153800661983,0.4776846923318043,0.47170372209525396,0.4518525175844155,0.022611657970944332,0.8076923076923077,0.4970439094612305,0.43818914120686697
75,2023-07-31,2101093227,0.4181235016789223,0.4041256015967922,0.5191649264116476,0.5174229063110709,-0.10104142473272526,0.15384615384615385,0.30007894858193124,0.45050546858551394
76,2023-09-11,2102093230,0.37765276226984235,0.3577207403856819,0.37845435724686366,0.36340306084486196,-0.0008015949770213138,0.6538461538461539,0.20774811967820267,0.33850885183227797
77,2023-10-19,2103093233,0.4360470021086746,0.43608324255517733,0.49413961979865706,0.47267346704731206,-0.05809261768998247,0.3076923076923077,0.45653178132898065,0.4319154206684159
78,2023-11-30,2104093236,0.49806152990596153,0.45324606475174617,0.5038799646803784,0.5001056348579074,-0.005818434774416903,0.5769230769230769,0.22341296167251712,0.46367104879431986
79,2024-01-12,2105093239,0.5022859001548238,0.4905681460699465,0.5932717279121461,0.5612970570905614,-0.09098582775732234,0.23076923076923078,0.3481490347296663,0.5131801873438083
80,2024-02-26,2106093242,0.503013730218655,0.5085020085693357,0.5519980990869472,0.5046648622103722,-0.04898436886829216,0.5,0.3425585738227658,0.4779508168339344
81,2024-04-05,2107093245,0.40635892726643996,0.40150738442670014,0.5075697194967108,0.5025477906756964,-0.10121079223027085,0.038461538461538464,0.19180771079314865,0.4552436415425635
82,2024-05-16,2108093248,0.4835746305879715,0.456857079967448,0.5694681279765028,0.5593078839981671,-0.0858934973885313,0.3076923076923077,0.33658498339859455,0.4815443391856861
83,2024-06-28,2109093251,0.4719343371592066,0.44657667184073624,0.5073915564913152,0.49806603856475384,-0.0354572193321086,0.5769230769230769,0.3686636562016744,0.4158489661250112
84,2024-08-09,2110093254,0.6643648601089751,0.6368671019864217,0.5833347855221405,0.5626687564125403,0.08103007458683464,0.8461538461538461,0.622089780876757,0.5134700668935162
85,2024-09-19,2111093257,0.4145365375617976,0.39293271724581064,0.49103944600119365,0.49333189987078974,-0.07650290843939606,0.34615384615384615,0.32547041784514813,0.4005716008409712
86,2024-10-30,2112093260,0.5620003301404729,0.586016369196373,0.5309454460985658,0.5585187070651858,0.03105488404190715,0.6538461538461539,0.6058935122193683,0.4472081622627719
87,2024-12-11,2113093263,0.5595217924982545,0.5628998237695448,0.5424703091703772,0.5363923334495571,0.017051483327877315,0.6923076923076923,0.4245329133500072,0.5440319644805889
88,2025-01-27,2114093266,0.461862787211891,0.41144713337145317,0.5581301662958754,0.5125958392721947,-0.09626737908398442,0.34615384615384615,0.5325829988274067,0.48351349119255876
89,2025-03-07,2115093269,0.38059135584796755,0.3144677258819713,0.4302854772860309,0.41587714164278056,-0.04969412143806334,0.46153846153846156,0.04962682078904618,0.3882279290587094
90,2025-04-17,2116093272,0.40983624535472857,0.38612625646706156,0.31264158906879513,0.2854729919433856,0.09719465628593343,0.9615384615384616,0.38256006557677547,0.26829867983274425
91,2025-05-30,2117093275,0.2965934450678327,0.25079461664277236,0.3304713865571309,0.27857064672981846,-0.03387794148929818,0.6538461538461539,0.2368108288097126,0.2513558599405297
92,2025-07-14,2118093278,0.2274795540083937,0.18778517577883444,0.30335199509497446,0.3084326458686464,-0.07587244108658076,0.11538461538461539,0.0529313607946141,0.22980314992833142
93,2025-08-21,2119093281,0.2742170817563406,0.2427189347033096,0.28851731557873656,0.2306423354394349,-0.01430023382239598,0.7692307692307693,0.17863675331525933,0.22442670045898036
94,2025-10-02,2120093284,0.21909402256325358,0.17734803397559762,0.29826908280155845,0.26482941206791033,-0.07917506023830487,0.15384615384615385,0.045467658967369026,0.2196398383863227
95,2025-11-12,2121093287,0.30291250587479046,0.29749775992572575,0.2676857735856105,0.24782770896945966,0.03522673228917994,0.8461538461538461,0.25176887587218166,0.2160812779243061
96,2025-12-24,2122093290,0.4072807662233922,0.4224031741562791,0.2710541587961659,0.2696002224240648,0.1362266074272263,1.0,0.4743861722735402,0.21658950473135338
97,2026-02-05,2123093293,0.3301373427580242,0.3125720317411363,0.26016773209816063,0.2607676008161228,0.06996961065986357,0.9230769230769231,0.26497501791280703,0.2123183479523021
98,2026-03-19,2124093296,0.24949527034756605,0.25271935842383486,0.26633854944565816,0.25713880278737755,-0.016843279098092107,0.5384615384615384,0.23926835643704863,0.21299283663616397
99,2026-04-30,2125093299,0.4139053612118337,0.403028330037413,0.4428356773652098,0.40726794528706123,-0.0289303161533761,0.5,0.4231083518067117,0.36579324659265317
