split,method,n_forecasts,mean_scenarios,mean_var_99,mean_es_975,exceedance_rate_99,exceedance_rate_es_975,mean_realized_loss
test,dtw_window,5696,500.0,0.012649751162758365,0.01298572950698582,0.025105337078651684,0.023876404494382022,-0.00036335046573090433
test,euclidean_knn,2848,500.0,0.013379519962150638,0.01364991743687091,0.019311797752808987,0.018609550561797753,-0.00036335046573090433
test,fhs_ewma,5696,4552.5,0.01616268707815358,0.017173942723871752,0.014220505617977528,0.01211376404494382,-0.00036335046573090433
test,fpca_window,5696,500.0,0.013747705384284681,0.014282021210483725,0.02282303370786517,0.02071629213483146,-0.00036335046573090433
test,garch_t,2848,20000.0,0.014262212263368578,0.014794383652438904,0.016853932584269662,0.01580056179775281,-0.00036335046573090433
test,mahalanobis_knn,2848,500.0,0.013193113818021565,0.013520909857076522,0.019662921348314606,0.016853932584269662,-0.00036335046573090433
test,random_knn,2848,500.0,0.018171729390707513,0.01980630621480522,0.01228932584269663,0.009480337078651686,-0.00036335046573090433
test,regime_hs,5696,1699.6952247191011,0.016571608241433566,0.017224034621453242,0.0175561797752809,0.015098314606741573,-0.00036335046573090433
test,rolling_hs,8544,583.3333333333334,0.01781553691012825,0.01831901682388442,0.014630149812734082,0.01322565543071161,-0.00036335046573090433
test,topology_knn,2848,500.0,0.017078917808157058,0.018044594753684837,0.014044943820224719,0.013342696629213483,-0.00036335046573090433
test,topology_placebo_knn,2848,500.0,0.015713551429675073,0.016830921975678505,0.015098314606741573,0.01228932584269663,-0.00036335046573090433
validation,dtw_window,1508,500.0,0.010983996580095497,0.011492372910182944,0.012599469496021221,0.009283819628647215,-0.0004850085969127494
validation,euclidean_knn,754,500.0,0.012887492166713107,0.01272936074382147,0.005305039787798408,0.006631299734748011,-0.0004850085969127494
validation,fhs_ewma,1508,2751.5,0.01110248448768121,0.011408856182602267,0.014588859416445624,0.011273209549071617,-0.0004850085969127494
validation,fpca_window,1508,500.0,0.013448142809994783,0.01373613564170628,0.003978779840848806,0.004641909814323607,-0.0004850085969127494
validation,garch_t,754,20000.0,0.01079573691885632,0.011162324748466734,0.009283819628647215,0.009283819628647215,-0.0004850085969127494
validation,mahalanobis_knn,754,500.0,0.013279915408072981,0.0131408274504731,0.005305039787798408,0.005305039787798408,-0.0004850085969127494
validation,random_knn,754,500.0,0.019633080369685342,0.021148339674723845,0.0,0.0,-0.0004850085969127494
validation,regime_hs,1508,1024.4290450928381,0.01153256817801699,0.01173381428651542,0.016578249336870028,0.015915119363395226,-0.0004850085969127494
validation,rolling_hs,2262,583.3333333333334,0.015635225287095295,0.016088969402752586,0.004862953138815208,0.004420866489832007,-0.0004850085969127494
validation,topology_knn,754,500.0,0.017603053870248433,0.01884862100797751,0.0,0.0,-0.0004850085969127494
validation,topology_placebo_knn,754,500.0,0.01628706187146606,0.01773535496154807,0.0,0.0,-0.0004850085969127494
