split,method,n_forecasts,mean_scenarios,mean_var_99,mean_es_975,exceedance_rate_99,exceedance_rate_es_975,mean_realized_loss,ablation_feature_mode,ablation_landscape_steps,ablation_alpha
test,euclidean_knn,2848,1000.0,0.013412423207653654,0.013694120107759458,0.018609550561797753,0.01720505617977528,-0.00036335046681426034,landscape1,100,0.15
test,fhs_ewma,5696,4552.5,0.016162582729384714,0.017173991467423724,0.014220505617977528,0.01211376404494382,-0.00036335046681426034,landscape1,100,0.15
test,garch_t,2848,20000.0,0.01426222186985284,0.014794397640015104,0.016853932584269662,0.01580056179775281,-0.00036335046681426034,landscape1,100,0.15
test,random_knn,2848,1000.0,0.018298271222490007,0.02016035730909278,0.010533707865168539,0.007724719101123595,-0.00036335046681426034,landscape1,100,0.15
test,rolling_hs,8544,583.3333333333334,0.0178155574630952,0.018319020418249867,0.014630149812734082,0.01322565543071161,-0.0003633504668142604,landscape1,100,0.15
test,topology_knn,2848,1000.0,0.016536968184318383,0.017527449504588847,0.014044943820224719,0.012640449438202247,-0.00036335046681426034,landscape1,100,0.15
test,topology_placebo_knn,2848,1000.0,0.015903671677426224,0.017043537744260717,0.012640449438202247,0.010884831460674158,-0.00036335046681426034,landscape1,100,0.15
validation,euclidean_knn,754,1000.0,0.01369134378689557,0.013503015643500194,0.002652519893899204,0.002652519893899204,-0.0004850085723182261,landscape1,100,0.15
validation,fhs_ewma,1508,2751.5,0.011102399071034842,0.01140887397366208,0.014588859416445624,0.011273209549071617,-0.0004850085723182261,landscape1,100,0.15
validation,garch_t,754,20000.0,0.010795775982263014,0.01116241739977344,0.009283819628647215,0.009283819628647215,-0.0004850085723182261,landscape1,100,0.15
validation,random_knn,754,1000.0,0.020172801283921345,0.021731736996904467,0.0,0.0,-0.0004850085723182261,landscape1,100,0.15
validation,rolling_hs,2262,583.3333333333334,0.0156352985722997,0.01608901878301849,0.004862953138815208,0.004420866489832007,-0.0004850085723182261,landscape1,100,0.15
validation,topology_knn,754,1000.0,0.01708940446059642,0.01817676175094688,0.001326259946949602,0.0,-0.0004850085723182261,landscape1,100,0.15
validation,topology_placebo_knn,754,1000.0,0.016695000156512617,0.01838948522163911,0.0,0.0,-0.0004850085723182261,landscape1,100,0.15
test,euclidean_knn,2848,1000.0,0.013412423207653654,0.013694120107759458,0.018609550561797753,0.01720505617977528,-0.00036335046681426034,landscape1,100,0.3
test,fhs_ewma,5696,4552.5,0.016162582729384714,0.017173991467423724,0.014220505617977528,0.01211376404494382,-0.00036335046681426034,landscape1,100,0.3
test,garch_t,2848,20000.0,0.01426222186985284,0.014794397640015104,0.016853932584269662,0.01580056179775281,-0.00036335046681426034,landscape1,100,0.3
test,random_knn,2848,1000.0,0.018298271222490007,0.02016035730909278,0.010533707865168539,0.007724719101123595,-0.00036335046681426034,landscape1,100,0.3
test,rolling_hs,8544,583.3333333333334,0.0178155574630952,0.018319020418249867,0.014630149812734082,0.01322565543071161,-0.0003633504668142604,landscape1,100,0.3
test,topology_knn,2848,1000.0,0.01561717733119507,0.01639044591654678,0.015098314606741573,0.013342696629213483,-0.00036335046681426034,landscape1,100,0.3
test,topology_placebo_knn,2848,1000.0,0.014799459335180936,0.01534090859791769,0.016151685393258428,0.01544943820224719,-0.00036335046681426034,landscape1,100,0.3
validation,euclidean_knn,754,1000.0,0.01369134378689557,0.013503015643500194,0.002652519893899204,0.002652519893899204,-0.0004850085723182261,landscape1,100,0.3
validation,fhs_ewma,1508,2751.5,0.011102399071034842,0.01140887397366208,0.014588859416445624,0.011273209549071617,-0.0004850085723182261,landscape1,100,0.3
validation,garch_t,754,20000.0,0.010795775982263014,0.01116241739977344,0.009283819628647215,0.009283819628647215,-0.0004850085723182261,landscape1,100,0.3
validation,random_knn,754,1000.0,0.020172801283921345,0.021731736996904467,0.0,0.0,-0.0004850085723182261,landscape1,100,0.3
validation,rolling_hs,2262,583.3333333333334,0.0156352985722997,0.01608901878301849,0.004862953138815208,0.004420866489832007,-0.0004850085723182261,landscape1,100,0.3
validation,topology_knn,754,1000.0,0.016098971753796435,0.016833984131366844,0.001326259946949602,0.0,-0.0004850085723182261,landscape1,100,0.3
validation,topology_placebo_knn,754,1000.0,0.01505395375908259,0.015777539422520536,0.001326259946949602,0.0,-0.0004850085723182261,landscape1,100,0.3
test,euclidean_knn,2848,1000.0,0.013412423207653654,0.013694120107759458,0.018609550561797753,0.01720505617977528,-0.00036335046681426034,landscape1,100,0.5
test,fhs_ewma,5696,4552.5,0.016162582729384714,0.017173991467423724,0.014220505617977528,0.01211376404494382,-0.00036335046681426034,landscape1,100,0.5
test,garch_t,2848,20000.0,0.01426222186985284,0.014794397640015104,0.016853932584269662,0.01580056179775281,-0.00036335046681426034,landscape1,100,0.5
test,random_knn,2848,1000.0,0.018298271222490007,0.02016035730909278,0.010533707865168539,0.007724719101123595,-0.00036335046681426034,landscape1,100,0.5
test,rolling_hs,8544,583.3333333333334,0.0178155574630952,0.018319020418249867,0.014630149812734082,0.01322565543071161,-0.0003633504668142604,landscape1,100,0.5
test,topology_knn,2848,1000.0,0.014560646693179255,0.015104716591731886,0.01720505617977528,0.01580056179775281,-0.00036335046681426034,landscape1,100,0.5
test,topology_placebo_knn,2848,1000.0,0.013998715181886728,0.014330238877462273,0.018258426966292134,0.016853932584269662,-0.00036335046681426034,landscape1,100,0.5
validation,euclidean_knn,754,1000.0,0.01369134378689557,0.013503015643500194,0.002652519893899204,0.002652519893899204,-0.0004850085723182261,landscape1,100,0.5
validation,fhs_ewma,1508,2751.5,0.011102399071034842,0.01140887397366208,0.014588859416445624,0.011273209549071617,-0.0004850085723182261,landscape1,100,0.5
validation,garch_t,754,20000.0,0.010795775982263014,0.01116241739977344,0.009283819628647215,0.009283819628647215,-0.0004850085723182261,landscape1,100,0.5
validation,random_knn,754,1000.0,0.020172801283921345,0.021731736996904467,0.0,0.0,-0.0004850085723182261,landscape1,100,0.5
validation,rolling_hs,2262,583.3333333333334,0.0156352985722997,0.01608901878301849,0.004862953138815208,0.004420866489832007,-0.0004850085723182261,landscape1,100,0.5
validation,topology_knn,754,1000.0,0.014970929381514345,0.015342458030006714,0.001326259946949602,0.001326259946949602,-0.0004850085723182261,landscape1,100,0.5
validation,topology_placebo_knn,754,1000.0,0.013997870519548218,0.014105178304654048,0.002652519893899204,0.001326259946949602,-0.0004850085723182261,landscape1,100,0.5
test,euclidean_knn,2848,1000.0,0.013412423207653654,0.013694120107759458,0.018609550561797753,0.01720505617977528,-0.00036335046681426034,landscape1,200,0.15
test,fhs_ewma,5696,4552.5,0.016162582729384714,0.017173991467423724,0.014220505617977528,0.01211376404494382,-0.00036335046681426034,landscape1,200,0.15
test,garch_t,2848,20000.0,0.01426222186985284,0.014794397640015104,0.016853932584269662,0.01580056179775281,-0.00036335046681426034,landscape1,200,0.15
test,random_knn,2848,1000.0,0.018298271222490007,0.02016035730909278,0.010533707865168539,0.007724719101123595,-0.00036335046681426034,landscape1,200,0.15
test,rolling_hs,8544,583.3333333333334,0.0178155574630952,0.018319020418249867,0.014630149812734082,0.01322565543071161,-0.0003633504668142604,landscape1,200,0.15
test,topology_knn,2848,1000.0,0.016869040329101758,0.017950204487346924,0.013693820224719102,0.011938202247191011,-0.00036335046681426034,landscape1,200,0.15
test,topology_placebo_knn,2848,1000.0,0.01621884505564069,0.017610076339652326,0.011587078651685394,0.010182584269662922,-0.00036335046681426034,landscape1,200,0.15
validation,euclidean_knn,754,1000.0,0.01369134378689557,0.013503015643500194,0.002652519893899204,0.002652519893899204,-0.0004850085723182261,landscape1,200,0.15
validation,fhs_ewma,1508,2751.5,0.011102399071034842,0.01140887397366208,0.014588859416445624,0.011273209549071617,-0.0004850085723182261,landscape1,200,0.15
validation,garch_t,754,20000.0,0.010795775982263014,0.01116241739977344,0.009283819628647215,0.009283819628647215,-0.0004850085723182261,landscape1,200,0.15
validation,random_knn,754,1000.0,0.020172801283921345,0.021731736996904467,0.0,0.0,-0.0004850085723182261,landscape1,200,0.15
validation,rolling_hs,2262,583.3333333333334,0.0156352985722997,0.01608901878301849,0.004862953138815208,0.004420866489832007,-0.0004850085723182261,landscape1,200,0.15
validation,topology_knn,754,1000.0,0.01758348055328751,0.018763902004771155,0.0,0.0,-0.0004850085723182261,landscape1,200,0.15
validation,topology_placebo_knn,754,1000.0,0.017206291844876896,0.019039972998152212,0.0,0.0,-0.0004850085723182261,landscape1,200,0.15
test,euclidean_knn,2848,1000.0,0.013412423207653654,0.013694120107759458,0.018609550561797753,0.01720505617977528,-0.00036335046681426034,landscape1,200,0.3
test,fhs_ewma,5696,4552.5,0.016162582729384714,0.017173991467423724,0.014220505617977528,0.01211376404494382,-0.00036335046681426034,landscape1,200,0.3
test,garch_t,2848,20000.0,0.01426222186985284,0.014794397640015104,0.016853932584269662,0.01580056179775281,-0.00036335046681426034,landscape1,200,0.3
test,random_knn,2848,1000.0,0.018298271222490007,0.02016035730909278,0.010533707865168539,0.007724719101123595,-0.00036335046681426034,landscape1,200,0.3
test,rolling_hs,8544,583.3333333333334,0.0178155574630952,0.018319020418249867,0.014630149812734082,0.01322565543071161,-0.0003633504668142604,landscape1,200,0.3
test,topology_knn,2848,1000.0,0.0160700703660213,0.0169264274753692,0.014396067415730338,0.012991573033707866,-0.00036335046681426034,landscape1,200,0.3
test,topology_placebo_knn,2848,1000.0,0.01520574831330043,0.015968409174308865,0.014396067415730338,0.012640449438202247,-0.00036335046681426034,landscape1,200,0.3
validation,euclidean_knn,754,1000.0,0.01369134378689557,0.013503015643500194,0.002652519893899204,0.002652519893899204,-0.0004850085723182261,landscape1,200,0.3
validation,fhs_ewma,1508,2751.5,0.011102399071034842,0.01140887397366208,0.014588859416445624,0.011273209549071617,-0.0004850085723182261,landscape1,200,0.3
validation,garch_t,754,20000.0,0.010795775982263014,0.01116241739977344,0.009283819628647215,0.009283819628647215,-0.0004850085723182261,landscape1,200,0.3
validation,random_knn,754,1000.0,0.020172801283921345,0.021731736996904467,0.0,0.0,-0.0004850085723182261,landscape1,200,0.3
validation,rolling_hs,2262,583.3333333333334,0.0156352985722997,0.01608901878301849,0.004862953138815208,0.004420866489832007,-0.0004850085723182261,landscape1,200,0.3
validation,topology_knn,754,1000.0,0.016701167983707525,0.017586198506164104,0.001326259946949602,0.0,-0.0004850085723182261,landscape1,200,0.3
validation,topology_placebo_knn,754,1000.0,0.015598862629384197,0.01676684830715674,0.0,0.0,-0.0004850085723182261,landscape1,200,0.3
test,euclidean_knn,2848,1000.0,0.013412423207653654,0.013694120107759458,0.018609550561797753,0.01720505617977528,-0.00036335046681426034,landscape1,200,0.5
test,fhs_ewma,5696,4552.5,0.016162582729384714,0.017173991467423724,0.014220505617977528,0.01211376404494382,-0.00036335046681426034,landscape1,200,0.5
test,garch_t,2848,20000.0,0.01426222186985284,0.014794397640015104,0.016853932584269662,0.01580056179775281,-0.00036335046681426034,landscape1,200,0.5
test,random_knn,2848,1000.0,0.018298271222490007,0.02016035730909278,0.010533707865168539,0.007724719101123595,-0.00036335046681426034,landscape1,200,0.5
test,rolling_hs,8544,583.3333333333334,0.0178155574630952,0.018319020418249867,0.014630149812734082,0.01322565543071161,-0.0003633504668142604,landscape1,200,0.5
test,topology_knn,2848,1000.0,0.014978810643212088,0.015605703057277986,0.0175561797752809,0.015098314606741573,-0.00036335046681426034,landscape1,200,0.5
test,topology_placebo_knn,2848,1000.0,0.0142753152659672,0.014645503412620707,0.0175561797752809,0.016151685393258428,-0.00036335046681426034,landscape1,200,0.5
validation,euclidean_knn,754,1000.0,0.01369134378689557,0.013503015643500194,0.002652519893899204,0.002652519893899204,-0.0004850085723182261,landscape1,200,0.5
validation,fhs_ewma,1508,2751.5,0.011102399071034842,0.01140887397366208,0.014588859416445624,0.011273209549071617,-0.0004850085723182261,landscape1,200,0.5
validation,garch_t,754,20000.0,0.010795775982263014,0.01116241739977344,0.009283819628647215,0.009283819628647215,-0.0004850085723182261,landscape1,200,0.5
validation,random_knn,754,1000.0,0.020172801283921345,0.021731736996904467,0.0,0.0,-0.0004850085723182261,landscape1,200,0.5
validation,rolling_hs,2262,583.3333333333334,0.0156352985722997,0.01608901878301849,0.004862953138815208,0.004420866489832007,-0.0004850085723182261,landscape1,200,0.5
validation,topology_knn,754,1000.0,0.01548815591249284,0.01596808759770585,0.001326259946949602,0.001326259946949602,-0.0004850085723182261,landscape1,200,0.5
validation,topology_placebo_knn,754,1000.0,0.01442601155852873,0.01463150348682296,0.002652519893899204,0.001326259946949602,-0.0004850085723182261,landscape1,200,0.5
test,euclidean_knn,2848,1000.0,0.013412423207653654,0.013694120107759458,0.018609550561797753,0.01720505617977528,-0.00036335046681426034,landscape1,300,0.15
test,fhs_ewma,5696,4552.5,0.016162582729384714,0.017173991467423724,0.014220505617977528,0.01211376404494382,-0.00036335046681426034,landscape1,300,0.15
test,garch_t,2848,20000.0,0.01426222186985284,0.014794397640015104,0.016853932584269662,0.01580056179775281,-0.00036335046681426034,landscape1,300,0.15
test,random_knn,2848,1000.0,0.018298271222490007,0.02016035730909278,0.010533707865168539,0.007724719101123595,-0.00036335046681426034,landscape1,300,0.15
test,rolling_hs,8544,583.3333333333334,0.0178155574630952,0.018319020418249867,0.014630149812734082,0.01322565543071161,-0.0003633504668142604,landscape1,300,0.15
test,topology_knn,2848,1000.0,0.01699540251541934,0.018129347590977625,0.014044943820224719,0.011938202247191011,-0.00036335046681426034,landscape1,300,0.15
test,topology_placebo_knn,2848,1000.0,0.016435077897876807,0.017942888189009642,0.011235955056179775,0.009831460674157303,-0.00036335046681426034,landscape1,300,0.15
validation,euclidean_knn,754,1000.0,0.01369134378689557,0.013503015643500194,0.002652519893899204,0.002652519893899204,-0.0004850085723182261,landscape1,300,0.15
validation,fhs_ewma,1508,2751.5,0.011102399071034842,0.01140887397366208,0.014588859416445624,0.011273209549071617,-0.0004850085723182261,landscape1,300,0.15
validation,garch_t,754,20000.0,0.010795775982263014,0.01116241739977344,0.009283819628647215,0.009283819628647215,-0.0004850085723182261,landscape1,300,0.15
validation,random_knn,754,1000.0,0.020172801283921345,0.021731736996904467,0.0,0.0,-0.0004850085723182261,landscape1,300,0.15
validation,rolling_hs,2262,583.3333333333334,0.0156352985722997,0.01608901878301849,0.004862953138815208,0.004420866489832007,-0.0004850085723182261,landscape1,300,0.15
validation,topology_knn,754,1000.0,0.017734790473638337,0.01894512697269173,0.0,0.0,-0.0004850085723182261,landscape1,300,0.15
validation,topology_placebo_knn,754,1000.0,0.017673873475042574,0.019540039773785337,0.0,0.0,-0.0004850085723182261,landscape1,300,0.15
test,euclidean_knn,2848,1000.0,0.013412423207653654,0.013694120107759458,0.018609550561797753,0.01720505617977528,-0.00036335046681426034,landscape1,300,0.3
test,fhs_ewma,5696,4552.5,0.016162582729384714,0.017173991467423724,0.014220505617977528,0.01211376404494382,-0.00036335046681426034,landscape1,300,0.3
test,garch_t,2848,20000.0,0.01426222186985284,0.014794397640015104,0.016853932584269662,0.01580056179775281,-0.00036335046681426034,landscape1,300,0.3
test,random_knn,2848,1000.0,0.018298271222490007,0.02016035730909278,0.010533707865168539,0.007724719101123595,-0.00036335046681426034,landscape1,300,0.3
test,rolling_hs,8544,583.3333333333334,0.0178155574630952,0.018319020418249867,0.014630149812734082,0.01322565543071161,-0.0003633504668142604,landscape1,300,0.3
test,topology_knn,2848,1000.0,0.016293796322959367,0.017219478746406624,0.014044943820224719,0.01228932584269663,-0.00036335046681426034,landscape1,300,0.3
test,topology_placebo_knn,2848,1000.0,0.01546072168304435,0.016348565571437892,0.014747191011235955,0.01228932584269663,-0.00036335046681426034,landscape1,300,0.3
validation,euclidean_knn,754,1000.0,0.01369134378689557,0.013503015643500194,0.002652519893899204,0.002652519893899204,-0.0004850085723182261,landscape1,300,0.3
validation,fhs_ewma,1508,2751.5,0.011102399071034842,0.01140887397366208,0.014588859416445624,0.011273209549071617,-0.0004850085723182261,landscape1,300,0.3
validation,garch_t,754,20000.0,0.010795775982263014,0.01116241739977344,0.009283819628647215,0.009283819628647215,-0.0004850085723182261,landscape1,300,0.3
validation,random_knn,754,1000.0,0.020172801283921345,0.021731736996904467,0.0,0.0,-0.0004850085723182261,landscape1,300,0.3
validation,rolling_hs,2262,583.3333333333334,0.0156352985722997,0.01608901878301849,0.004862953138815208,0.004420866489832007,-0.0004850085723182261,landscape1,300,0.3
validation,topology_knn,754,1000.0,0.01701299382659815,0.017963798544699917,0.001326259946949602,0.0,-0.0004850085723182261,landscape1,300,0.3
validation,topology_placebo_knn,754,1000.0,0.015947161867727978,0.01736269472732021,0.0,0.0,-0.0004850085723182261,landscape1,300,0.3
test,euclidean_knn,2848,1000.0,0.013412423207653654,0.013694120107759458,0.018609550561797753,0.01720505617977528,-0.00036335046681426034,landscape1,300,0.5
test,fhs_ewma,5696,4552.5,0.016162582729384714,0.017173991467423724,0.014220505617977528,0.01211376404494382,-0.00036335046681426034,landscape1,300,0.5
test,garch_t,2848,20000.0,0.01426222186985284,0.014794397640015104,0.016853932584269662,0.01580056179775281,-0.00036335046681426034,landscape1,300,0.5
test,random_knn,2848,1000.0,0.018298271222490007,0.02016035730909278,0.010533707865168539,0.007724719101123595,-0.00036335046681426034,landscape1,300,0.5
test,rolling_hs,8544,583.3333333333334,0.0178155574630952,0.018319020418249867,0.014630149812734082,0.01322565543071161,-0.0003633504668142604,landscape1,300,0.5
test,topology_knn,2848,1000.0,0.015236703442991387,0.01593403968461932,0.01580056179775281,0.014747191011235955,-0.00036335046681426034,landscape1,300,0.5
test,topology_placebo_knn,2848,1000.0,0.014482889244602514,0.01489125332614886,0.018258426966292134,0.015098314606741573,-0.00036335046681426034,landscape1,300,0.5
validation,euclidean_knn,754,1000.0,0.01369134378689557,0.013503015643500194,0.002652519893899204,0.002652519893899204,-0.0004850085723182261,landscape1,300,0.5
validation,fhs_ewma,1508,2751.5,0.011102399071034842,0.01140887397366208,0.014588859416445624,0.011273209549071617,-0.0004850085723182261,landscape1,300,0.5
validation,garch_t,754,20000.0,0.010795775982263014,0.01116241739977344,0.009283819628647215,0.009283819628647215,-0.0004850085723182261,landscape1,300,0.5
validation,random_knn,754,1000.0,0.020172801283921345,0.021731736996904467,0.0,0.0,-0.0004850085723182261,landscape1,300,0.5
validation,rolling_hs,2262,583.3333333333334,0.0156352985722997,0.01608901878301849,0.004862953138815208,0.004420866489832007,-0.0004850085723182261,landscape1,300,0.5
validation,topology_knn,754,1000.0,0.015777975567225086,0.01635482455398684,0.001326259946949602,0.0,-0.0004850085723182261,landscape1,300,0.5
validation,topology_placebo_knn,754,1000.0,0.01466081312643132,0.015044736918517121,0.001326259946949602,0.001326259946949602,-0.0004850085723182261,landscape1,300,0.5
test,euclidean_knn,2848,1000.0,0.013412423207653654,0.013694120107759458,0.018609550561797753,0.01720505617977528,-0.00036335046681426034,landscape_h1_top3_weighted,100,0.15
test,fhs_ewma,5696,4552.5,0.016162582729384714,0.017173991467423724,0.014220505617977528,0.01211376404494382,-0.00036335046681426034,landscape_h1_top3_weighted,100,0.15
test,garch_t,2848,20000.0,0.01426222186985284,0.014794397640015104,0.016853932584269662,0.01580056179775281,-0.00036335046681426034,landscape_h1_top3_weighted,100,0.15
test,random_knn,2848,1000.0,0.018298271222490007,0.02016035730909278,0.010533707865168539,0.007724719101123595,-0.00036335046681426034,landscape_h1_top3_weighted,100,0.15
test,rolling_hs,8544,583.3333333333334,0.0178155574630952,0.018319020418249867,0.014630149812734082,0.01322565543071161,-0.0003633504668142604,landscape_h1_top3_weighted,100,0.15
test,topology_knn,2848,1000.0,0.016652212862192147,0.017671450013966545,0.013693820224719102,0.011938202247191011,-0.00036335046681426034,landscape_h1_top3_weighted,100,0.15
test,topology_placebo_knn,2848,1000.0,0.016036666749092515,0.017288922844960433,0.011587078651685394,0.010884831460674158,-0.00036335046681426034,landscape_h1_top3_weighted,100,0.15
validation,euclidean_knn,754,1000.0,0.01369134378689557,0.013503015643500194,0.002652519893899204,0.002652519893899204,-0.0004850085723182261,landscape_h1_top3_weighted,100,0.15
validation,fhs_ewma,1508,2751.5,0.011102399071034842,0.01140887397366208,0.014588859416445624,0.011273209549071617,-0.0004850085723182261,landscape_h1_top3_weighted,100,0.15
validation,garch_t,754,20000.0,0.010795775982263014,0.01116241739977344,0.009283819628647215,0.009283819628647215,-0.0004850085723182261,landscape_h1_top3_weighted,100,0.15
validation,random_knn,754,1000.0,0.020172801283921345,0.021731736996904467,0.0,0.0,-0.0004850085723182261,landscape_h1_top3_weighted,100,0.15
validation,rolling_hs,2262,583.3333333333334,0.0156352985722997,0.01608901878301849,0.004862953138815208,0.004420866489832007,-0.0004850085723182261,landscape_h1_top3_weighted,100,0.15
validation,topology_knn,754,1000.0,0.017437011557684175,0.018658311738704535,0.0,0.0,-0.0004850085723182261,landscape_h1_top3_weighted,100,0.15
validation,topology_placebo_knn,754,1000.0,0.017001754606623225,0.018700864817575574,0.0,0.0,-0.0004850085723182261,landscape_h1_top3_weighted,100,0.15
test,euclidean_knn,2848,1000.0,0.013412423207653654,0.013694120107759458,0.018609550561797753,0.01720505617977528,-0.00036335046681426034,landscape_h1_top3_weighted,100,0.3
test,fhs_ewma,5696,4552.5,0.016162582729384714,0.017173991467423724,0.014220505617977528,0.01211376404494382,-0.00036335046681426034,landscape_h1_top3_weighted,100,0.3
test,garch_t,2848,20000.0,0.01426222186985284,0.014794397640015104,0.016853932584269662,0.01580056179775281,-0.00036335046681426034,landscape_h1_top3_weighted,100,0.3
test,random_knn,2848,1000.0,0.018298271222490007,0.02016035730909278,0.010533707865168539,0.007724719101123595,-0.00036335046681426034,landscape_h1_top3_weighted,100,0.3
test,rolling_hs,8544,583.3333333333334,0.0178155574630952,0.018319020418249867,0.014630149812734082,0.01322565543071161,-0.0003633504668142604,landscape_h1_top3_weighted,100,0.3
test,topology_knn,2848,1000.0,0.01565080591815438,0.0164221891616002,0.01544943820224719,0.013693820224719102,-0.00036335046681426034,landscape_h1_top3_weighted,100,0.3
test,topology_placebo_knn,2848,1000.0,0.014906454488542378,0.01551902250497531,0.01580056179775281,0.014044943820224719,-0.00036335046681426034,landscape_h1_top3_weighted,100,0.3
validation,euclidean_knn,754,1000.0,0.01369134378689557,0.013503015643500194,0.002652519893899204,0.002652519893899204,-0.0004850085723182261,landscape_h1_top3_weighted,100,0.3
validation,fhs_ewma,1508,2751.5,0.011102399071034842,0.01140887397366208,0.014588859416445624,0.011273209549071617,-0.0004850085723182261,landscape_h1_top3_weighted,100,0.3
validation,garch_t,754,20000.0,0.010795775982263014,0.01116241739977344,0.009283819628647215,0.009283819628647215,-0.0004850085723182261,landscape_h1_top3_weighted,100,0.3
validation,random_knn,754,1000.0,0.020172801283921345,0.021731736996904467,0.0,0.0,-0.0004850085723182261,landscape_h1_top3_weighted,100,0.3
validation,rolling_hs,2262,583.3333333333334,0.0156352985722997,0.01608901878301849,0.004862953138815208,0.004420866489832007,-0.0004850085723182261,landscape_h1_top3_weighted,100,0.3
validation,topology_knn,754,1000.0,0.01633034169035862,0.0171520624725288,0.001326259946949602,0.0,-0.0004850085723182261,landscape_h1_top3_weighted,100,0.3
validation,topology_placebo_knn,754,1000.0,0.015255098893438995,0.01613445723299423,0.001326259946949602,0.001326259946949602,-0.0004850085723182261,landscape_h1_top3_weighted,100,0.3
test,euclidean_knn,2848,1000.0,0.013412423207653654,0.013694120107759458,0.018609550561797753,0.01720505617977528,-0.00036335046681426034,landscape_h1_top3_weighted,100,0.5
test,fhs_ewma,5696,4552.5,0.016162582729384714,0.017173991467423724,0.014220505617977528,0.01211376404494382,-0.00036335046681426034,landscape_h1_top3_weighted,100,0.5
test,garch_t,2848,20000.0,0.01426222186985284,0.014794397640015104,0.016853932584269662,0.01580056179775281,-0.00036335046681426034,landscape_h1_top3_weighted,100,0.5
test,random_knn,2848,1000.0,0.018298271222490007,0.02016035730909278,0.010533707865168539,0.007724719101123595,-0.00036335046681426034,landscape_h1_top3_weighted,100,0.5
test,rolling_hs,8544,583.3333333333334,0.0178155574630952,0.018319020418249867,0.014630149812734082,0.01322565543071161,-0.0003633504668142604,landscape_h1_top3_weighted,100,0.5
test,topology_knn,2848,1000.0,0.014618566919197601,0.01513462014861559,0.0175561797752809,0.016853932584269662,-0.00036335046681426034,landscape_h1_top3_weighted,100,0.5
test,topology_placebo_knn,2848,1000.0,0.014076843385472595,0.0144457768043304,0.0175561797752809,0.016151685393258428,-0.00036335046681426034,landscape_h1_top3_weighted,100,0.5
validation,euclidean_knn,754,1000.0,0.01369134378689557,0.013503015643500194,0.002652519893899204,0.002652519893899204,-0.0004850085723182261,landscape_h1_top3_weighted,100,0.5
validation,fhs_ewma,1508,2751.5,0.011102399071034842,0.01140887397366208,0.014588859416445624,0.011273209549071617,-0.0004850085723182261,landscape_h1_top3_weighted,100,0.5
validation,garch_t,754,20000.0,0.010795775982263014,0.01116241739977344,0.009283819628647215,0.009283819628647215,-0.0004850085723182261,landscape_h1_top3_weighted,100,0.5
validation,random_knn,754,1000.0,0.020172801283921345,0.021731736996904467,0.0,0.0,-0.0004850085723182261,landscape_h1_top3_weighted,100,0.5
validation,rolling_hs,2262,583.3333333333334,0.0156352985722997,0.01608901878301849,0.004862953138815208,0.004420866489832007,-0.0004850085723182261,landscape_h1_top3_weighted,100,0.5
validation,topology_knn,754,1000.0,0.015136224950022143,0.015489268250723373,0.001326259946949602,0.001326259946949602,-0.0004850085723182261,landscape_h1_top3_weighted,100,0.5
validation,topology_placebo_knn,754,1000.0,0.014224014271791147,0.014380743058873395,0.002652519893899204,0.001326259946949602,-0.0004850085723182261,landscape_h1_top3_weighted,100,0.5
test,euclidean_knn,2848,1000.0,0.013412423207653654,0.013694120107759458,0.018609550561797753,0.01720505617977528,-0.00036335046681426034,landscape_h1_top3_weighted,200,0.15
test,fhs_ewma,5696,4552.5,0.016162582729384714,0.017173991467423724,0.014220505617977528,0.01211376404494382,-0.00036335046681426034,landscape_h1_top3_weighted,200,0.15
test,garch_t,2848,20000.0,0.01426222186985284,0.014794397640015104,0.016853932584269662,0.01580056179775281,-0.00036335046681426034,landscape_h1_top3_weighted,200,0.15
test,random_knn,2848,1000.0,0.018298271222490007,0.02016035730909278,0.010533707865168539,0.007724719101123595,-0.00036335046681426034,landscape_h1_top3_weighted,200,0.15
test,rolling_hs,8544,583.3333333333334,0.0178155574630952,0.018319020418249867,0.014630149812734082,0.01322565543071161,-0.0003633504668142604,landscape_h1_top3_weighted,200,0.15
test,topology_knn,2848,1000.0,0.01697199594532874,0.018058336503734018,0.012991573033707866,0.011587078651685394,-0.00036335046681426034,landscape_h1_top3_weighted,200,0.15
test,topology_placebo_knn,2848,1000.0,0.016382505915749638,0.017841843472590293,0.011938202247191011,0.010533707865168539,-0.00036335046681426034,landscape_h1_top3_weighted,200,0.15
validation,euclidean_knn,754,1000.0,0.01369134378689557,0.013503015643500194,0.002652519893899204,0.002652519893899204,-0.0004850085723182261,landscape_h1_top3_weighted,200,0.15
validation,fhs_ewma,1508,2751.5,0.011102399071034842,0.01140887397366208,0.014588859416445624,0.011273209549071617,-0.0004850085723182261,landscape_h1_top3_weighted,200,0.15
validation,garch_t,754,20000.0,0.010795775982263014,0.01116241739977344,0.009283819628647215,0.009283819628647215,-0.0004850085723182261,landscape_h1_top3_weighted,200,0.15
validation,random_knn,754,1000.0,0.020172801283921345,0.021731736996904467,0.0,0.0,-0.0004850085723182261,landscape_h1_top3_weighted,200,0.15
validation,rolling_hs,2262,583.3333333333334,0.0156352985722997,0.01608901878301849,0.004862953138815208,0.004420866489832007,-0.0004850085723182261,landscape_h1_top3_weighted,200,0.15
validation,topology_knn,754,1000.0,0.017847106654527323,0.019064472225831967,0.0,0.0,-0.0004850085723182261,landscape_h1_top3_weighted,200,0.15
validation,topology_placebo_knn,754,1000.0,0.017577245007778467,0.0193640055568329,0.0,0.0,-0.0004850085723182261,landscape_h1_top3_weighted,200,0.15
test,euclidean_knn,2848,1000.0,0.013412423207653654,0.013694120107759458,0.018609550561797753,0.01720505617977528,-0.00036335046681426034,landscape_h1_top3_weighted,200,0.3
test,fhs_ewma,5696,4552.5,0.016162582729384714,0.017173991467423724,0.014220505617977528,0.01211376404494382,-0.00036335046681426034,landscape_h1_top3_weighted,200,0.3
test,garch_t,2848,20000.0,0.01426222186985284,0.014794397640015104,0.016853932584269662,0.01580056179775281,-0.00036335046681426034,landscape_h1_top3_weighted,200,0.3
test,random_knn,2848,1000.0,0.018298271222490007,0.02016035730909278,0.010533707865168539,0.007724719101123595,-0.00036335046681426034,landscape_h1_top3_weighted,200,0.3
test,rolling_hs,8544,583.3333333333334,0.0178155574630952,0.018319020418249867,0.014630149812734082,0.01322565543071161,-0.0003633504668142604,landscape_h1_top3_weighted,200,0.3
test,topology_knn,2848,1000.0,0.016093430130889305,0.016946872946515167,0.014044943820224719,0.011587078651685394,-0.00036335046681426034,landscape_h1_top3_weighted,200,0.3
test,topology_placebo_knn,2848,1000.0,0.015315945023409615,0.016181375392012292,0.014044943820224719,0.011587078651685394,-0.00036335046681426034,landscape_h1_top3_weighted,200,0.3
validation,euclidean_knn,754,1000.0,0.01369134378689557,0.013503015643500194,0.002652519893899204,0.002652519893899204,-0.0004850085723182261,landscape_h1_top3_weighted,200,0.3
validation,fhs_ewma,1508,2751.5,0.011102399071034842,0.01140887397366208,0.014588859416445624,0.011273209549071617,-0.0004850085723182261,landscape_h1_top3_weighted,200,0.3
validation,garch_t,754,20000.0,0.010795775982263014,0.01116241739977344,0.009283819628647215,0.009283819628647215,-0.0004850085723182261,landscape_h1_top3_weighted,200,0.3
validation,random_knn,754,1000.0,0.020172801283921345,0.021731736996904467,0.0,0.0,-0.0004850085723182261,landscape_h1_top3_weighted,200,0.3
validation,rolling_hs,2262,583.3333333333334,0.0156352985722997,0.01608901878301849,0.004862953138815208,0.004420866489832007,-0.0004850085723182261,landscape_h1_top3_weighted,200,0.3
validation,topology_knn,754,1000.0,0.01695376842249486,0.01790646641816753,0.0,0.0,-0.0004850085723182261,landscape_h1_top3_weighted,200,0.3
validation,topology_placebo_knn,754,1000.0,0.015797031571962578,0.01705573290141894,0.0,0.0,-0.0004850085723182261,landscape_h1_top3_weighted,200,0.3
test,euclidean_knn,2848,1000.0,0.013412423207653654,0.013694120107759458,0.018609550561797753,0.01720505617977528,-0.00036335046681426034,landscape_h1_top3_weighted,200,0.5
test,fhs_ewma,5696,4552.5,0.016162582729384714,0.017173991467423724,0.014220505617977528,0.01211376404494382,-0.00036335046681426034,landscape_h1_top3_weighted,200,0.5
test,garch_t,2848,20000.0,0.01426222186985284,0.014794397640015104,0.016853932584269662,0.01580056179775281,-0.00036335046681426034,landscape_h1_top3_weighted,200,0.5
test,random_knn,2848,1000.0,0.018298271222490007,0.02016035730909278,0.010533707865168539,0.007724719101123595,-0.00036335046681426034,landscape_h1_top3_weighted,200,0.5
test,rolling_hs,8544,583.3333333333334,0.0178155574630952,0.018319020418249867,0.014630149812734082,0.01322565543071161,-0.0003633504668142604,landscape_h1_top3_weighted,200,0.5
test,topology_knn,2848,1000.0,0.015021719352333075,0.015642594269796726,0.01720505617977528,0.015098314606741573,-0.00036335046681426034,landscape_h1_top3_weighted,200,0.5
test,topology_placebo_knn,2848,1000.0,0.014351548752885704,0.014783547758531898,0.0175561797752809,0.015098314606741573,-0.00036335046681426034,landscape_h1_top3_weighted,200,0.5
validation,euclidean_knn,754,1000.0,0.01369134378689557,0.013503015643500194,0.002652519893899204,0.002652519893899204,-0.0004850085723182261,landscape_h1_top3_weighted,200,0.5
validation,fhs_ewma,1508,2751.5,0.011102399071034842,0.01140887397366208,0.014588859416445624,0.011273209549071617,-0.0004850085723182261,landscape_h1_top3_weighted,200,0.5
validation,garch_t,754,20000.0,0.010795775982263014,0.01116241739977344,0.009283819628647215,0.009283819628647215,-0.0004850085723182261,landscape_h1_top3_weighted,200,0.5
validation,random_knn,754,1000.0,0.020172801283921345,0.021731736996904467,0.0,0.0,-0.0004850085723182261,landscape_h1_top3_weighted,200,0.5
validation,rolling_hs,2262,583.3333333333334,0.0156352985722997,0.01608901878301849,0.004862953138815208,0.004420866489832007,-0.0004850085723182261,landscape_h1_top3_weighted,200,0.5
validation,topology_knn,754,1000.0,0.015575090621350434,0.016171653342272323,0.002652519893899204,0.0,-0.0004850085723182261,landscape_h1_top3_weighted,200,0.5
validation,topology_placebo_knn,754,1000.0,0.014592734291115884,0.01492266753017235,0.002652519893899204,0.001326259946949602,-0.0004850085723182261,landscape_h1_top3_weighted,200,0.5
test,euclidean_knn,2848,1000.0,0.013412423207653654,0.013694120107759458,0.018609550561797753,0.01720505617977528,-0.00036335046681426034,landscape_h1_top3_weighted,300,0.15
test,fhs_ewma,5696,4552.5,0.016162582729384714,0.017173991467423724,0.014220505617977528,0.01211376404494382,-0.00036335046681426034,landscape_h1_top3_weighted,300,0.15
test,garch_t,2848,20000.0,0.01426222186985284,0.014794397640015104,0.016853932584269662,0.01580056179775281,-0.00036335046681426034,landscape_h1_top3_weighted,300,0.15
test,random_knn,2848,1000.0,0.018298271222490007,0.02016035730909278,0.010533707865168539,0.007724719101123595,-0.00036335046681426034,landscape_h1_top3_weighted,300,0.15
test,rolling_hs,8544,583.3333333333334,0.0178155574630952,0.018319020418249867,0.014630149812734082,0.01322565543071161,-0.0003633504668142604,landscape_h1_top3_weighted,300,0.15
test,topology_knn,2848,1000.0,0.017113016054781837,0.018259162805197123,0.013693820224719102,0.011938202247191011,-0.00036335046681426034,landscape_h1_top3_weighted,300,0.15
test,topology_placebo_knn,2848,1000.0,0.01661003234017459,0.018172037557014253,0.011938202247191011,0.009480337078651686,-0.00036335046681426034,landscape_h1_top3_weighted,300,0.15
validation,euclidean_knn,754,1000.0,0.01369134378689557,0.013503015643500194,0.002652519893899204,0.002652519893899204,-0.0004850085723182261,landscape_h1_top3_weighted,300,0.15
validation,fhs_ewma,1508,2751.5,0.011102399071034842,0.01140887397366208,0.014588859416445624,0.011273209549071617,-0.0004850085723182261,landscape_h1_top3_weighted,300,0.15
validation,garch_t,754,20000.0,0.010795775982263014,0.01116241739977344,0.009283819628647215,0.009283819628647215,-0.0004850085723182261,landscape_h1_top3_weighted,300,0.15
validation,random_knn,754,1000.0,0.020172801283921345,0.021731736996904467,0.0,0.0,-0.0004850085723182261,landscape_h1_top3_weighted,300,0.15
validation,rolling_hs,2262,583.3333333333334,0.0156352985722997,0.01608901878301849,0.004862953138815208,0.004420866489832007,-0.0004850085723182261,landscape_h1_top3_weighted,300,0.15
validation,topology_knn,754,1000.0,0.01802095910884245,0.019266074667733866,0.0,0.0,-0.0004850085723182261,landscape_h1_top3_weighted,300,0.15
validation,topology_placebo_knn,754,1000.0,0.0179005984847181,0.019763880205424914,0.0,0.0,-0.0004850085723182261,landscape_h1_top3_weighted,300,0.15
test,euclidean_knn,2848,1000.0,0.013412423207653654,0.013694120107759458,0.018609550561797753,0.01720505617977528,-0.00036335046681426034,landscape_h1_top3_weighted,300,0.3
test,fhs_ewma,5696,4552.5,0.016162582729384714,0.017173991467423724,0.014220505617977528,0.01211376404494382,-0.00036335046681426034,landscape_h1_top3_weighted,300,0.3
test,garch_t,2848,20000.0,0.01426222186985284,0.014794397640015104,0.016853932584269662,0.01580056179775281,-0.00036335046681426034,landscape_h1_top3_weighted,300,0.3
test,random_knn,2848,1000.0,0.018298271222490007,0.02016035730909278,0.010533707865168539,0.007724719101123595,-0.00036335046681426034,landscape_h1_top3_weighted,300,0.3
test,rolling_hs,8544,583.3333333333334,0.0178155574630952,0.018319020418249867,0.014630149812734082,0.01322565543071161,-0.0003633504668142604,landscape_h1_top3_weighted,300,0.3
test,topology_knn,2848,1000.0,0.016343721554232284,0.017249174328263714,0.014044943820224719,0.011587078651685394,-0.00036335046681426034,landscape_h1_top3_weighted,300,0.3
test,topology_placebo_knn,2848,1000.0,0.015582115890888506,0.016585117883112788,0.014044943820224719,0.011938202247191011,-0.00036335046681426034,landscape_h1_top3_weighted,300,0.3
validation,euclidean_knn,754,1000.0,0.01369134378689557,0.013503015643500194,0.002652519893899204,0.002652519893899204,-0.0004850085723182261,landscape_h1_top3_weighted,300,0.3
validation,fhs_ewma,1508,2751.5,0.011102399071034842,0.01140887397366208,0.014588859416445624,0.011273209549071617,-0.0004850085723182261,landscape_h1_top3_weighted,300,0.3
validation,garch_t,754,20000.0,0.010795775982263014,0.01116241739977344,0.009283819628647215,0.009283819628647215,-0.0004850085723182261,landscape_h1_top3_weighted,300,0.3
validation,random_knn,754,1000.0,0.020172801283921345,0.021731736996904467,0.0,0.0,-0.0004850085723182261,landscape_h1_top3_weighted,300,0.3
validation,rolling_hs,2262,583.3333333333334,0.0156352985722997,0.01608901878301849,0.004862953138815208,0.004420866489832007,-0.0004850085723182261,landscape_h1_top3_weighted,300,0.3
validation,topology_knn,754,1000.0,0.01724506404740855,0.01829192959233007,0.0,0.0,-0.0004850085723182261,landscape_h1_top3_weighted,300,0.3
validation,topology_placebo_knn,754,1000.0,0.016191167216011687,0.017643135736468522,0.0,0.0,-0.0004850085723182261,landscape_h1_top3_weighted,300,0.3
test,euclidean_knn,2848,1000.0,0.013412423207653654,0.013694120107759458,0.018609550561797753,0.01720505617977528,-0.00036335046681426034,landscape_h1_top3_weighted,300,0.5
test,fhs_ewma,5696,4552.5,0.016162582729384714,0.017173991467423724,0.014220505617977528,0.01211376404494382,-0.00036335046681426034,landscape_h1_top3_weighted,300,0.5
test,garch_t,2848,20000.0,0.01426222186985284,0.014794397640015104,0.016853932584269662,0.01580056179775281,-0.00036335046681426034,landscape_h1_top3_weighted,300,0.5
test,random_knn,2848,1000.0,0.018298271222490007,0.02016035730909278,0.010533707865168539,0.007724719101123595,-0.00036335046681426034,landscape_h1_top3_weighted,300,0.5
test,rolling_hs,8544,583.3333333333334,0.0178155574630952,0.018319020418249867,0.014630149812734082,0.01322565543071161,-0.0003633504668142604,landscape_h1_top3_weighted,300,0.5
test,topology_knn,2848,1000.0,0.015283639527001742,0.015959057073201256,0.016502808988764044,0.014396067415730338,-0.00036335046681426034,landscape_h1_top3_weighted,300,0.5
test,topology_placebo_knn,2848,1000.0,0.014580110392280455,0.015062864854367091,0.01720505617977528,0.015098314606741573,-0.00036335046681426034,landscape_h1_top3_weighted,300,0.5
validation,euclidean_knn,754,1000.0,0.01369134378689557,0.013503015643500194,0.002652519893899204,0.002652519893899204,-0.0004850085723182261,landscape_h1_top3_weighted,300,0.5
validation,fhs_ewma,1508,2751.5,0.011102399071034842,0.01140887397366208,0.014588859416445624,0.011273209549071617,-0.0004850085723182261,landscape_h1_top3_weighted,300,0.5
validation,garch_t,754,20000.0,0.010795775982263014,0.01116241739977344,0.009283819628647215,0.009283819628647215,-0.0004850085723182261,landscape_h1_top3_weighted,300,0.5
validation,random_knn,754,1000.0,0.020172801283921345,0.021731736996904467,0.0,0.0,-0.0004850085723182261,landscape_h1_top3_weighted,300,0.5
validation,rolling_hs,2262,583.3333333333334,0.0156352985722997,0.01608901878301849,0.004862953138815208,0.004420866489832007,-0.0004850085723182261,landscape_h1_top3_weighted,300,0.5
validation,topology_knn,754,1000.0,0.015900584294886173,0.016629555710736,0.001326259946949602,0.0,-0.0004850085723182261,landscape_h1_top3_weighted,300,0.5
validation,topology_placebo_knn,754,1000.0,0.01482912987674266,0.015345787797722579,0.002652519893899204,0.001326259946949602,-0.0004850085723182261,landscape_h1_top3_weighted,300,0.5
