control,exclusion_radius,k,draws,n_forecasts,candidate_count_min,candidate_count_max,mean_pinball_99,sd_pinball_99,p05_pinball_99,p50_pinball_99,p95_pinball_99,mean_exceedance_rate_99,mean_fz0_975,sd_fz0_975,p05_fz0_975,p50_fz0_975,p95_fz0_975
topology_history_permutation,0,100,250,754.0,2125,2878,0.00019146102650669772,4.1506703354461615e-06,0.00018547228972112229,0.0001909131575898683,0.000198075125499917,0.002503978779840849,-4.223994837737636,0.021110434519445862,-4.254208509665066,-4.225850879436553,-4.1891550926936825
topology_history_permutation,0,250,250,754.0,2125,2878,0.00020348137548454858,2.074248309680887e-06,0.0002001001220633322,0.00020336789952029796,0.00020730492923238443,0.000493368700265252,-4.2028211318376645,0.010649820955128406,-4.2188205637695715,-4.203507810463442,-4.183179167343284
topology_history_permutation,0,500,250,754.0,2125,2878,0.0002076713418704851,1.3825323669653776e-06,0.00020563110213569084,0.0002075284639990086,0.00020981829164310785,0.0002705570291777188,-4.187700053845787,0.0061246505484442255,-4.19660981156476,-4.188491995131861,-4.177202023220477
topology_history_permutation,0,750,250,754.0,2125,2878,0.00021014399982953677,9.03694801839819e-07,0.00020877158892022667,0.0002101118143054831,0.00021153761129262948,0.0001273209549071618,-4.182380077559203,0.004728902158291462,-4.189611807729768,-4.182527349026167,-4.174542194916594
topology_history_permutation,0,1000,250,754.0,2125,2878,0.00021162099208275347,7.195591296591559e-07,0.0002104659704532503,0.00021164803102028404,0.0002128211468959484,6.36604774535809e-05,-4.179095502339371,0.0036447484659851855,-4.184967117911268,-4.178776172855137,-4.173214181423693
topology_history_permutation,125,100,250,754.0,2000,2753,0.0001939339155442754,4.356460249836931e-06,0.00018789291431999547,0.00019337403339233014,0.00020098222297471844,0.002015915119363395,-4.213792144551757,0.020115696587289313,-4.243567821194388,-4.214294198882245,-4.179456765915236
topology_history_permutation,125,250,250,754.0,2000,2753,0.00020734294933294007,2.3149332334082447e-06,0.0002042746282763709,0.00020701091751696907,0.00021204356097041032,0.0005570291777188328,-4.187837193251599,0.010854597360632379,-4.205096135742794,-4.188397483150519,-4.169387896794156
topology_history_permutation,125,500,250,754.0,2000,2753,0.0002113343626144903,1.2248618945185391e-06,0.00020959831050167124,0.00021128437322832474,0.00021343696881417887,0.00014854111405835543,-4.173174894592837,0.00564459499521112,-4.182387267870554,-4.173177479526055,-4.163847650623739
topology_history_permutation,125,750,250,754.0,2000,2753,0.0002138188272382278,8.233323157184604e-07,0.00021248764796840287,0.00021382413333769033,0.00021505915462002176,8.488063660477452e-05,-4.166747511957974,0.004442548916922738,-4.173787094828642,-4.16692033810906,-4.159145727889646
topology_history_permutation,125,1000,250,754.0,2000,2753,0.00021537879709518904,6.949720320534886e-07,0.0002142199453529675,0.00021543139304835453,0.00021646334065448316,3.183023872679045e-05,-4.163428758890837,0.003531416131676211,-4.168867724679765,-4.16371939157062,-4.157499365618262
uniform_random_retrieval,0,100,250,754.0,2125,2878,0.00019169460181707316,4.528318348787824e-06,0.00018570286489305246,0.00019073929115196762,0.0001992445564465656,0.002663129973474801,-4.22337278832923,0.022252486138665876,-4.255507448986725,-4.225329454036983,-4.183858329854061
uniform_random_retrieval,0,250,250,754.0,2125,2878,0.0002035862200687782,2.1881645587058428e-06,0.00020064454050602995,0.00020337538688013489,0.000207833071048262,0.0005198938992042441,-4.202803627950387,0.01040037723842614,-4.218144453562014,-4.203599552315875,-4.185118009301995
uniform_random_retrieval,0,500,250,754.0,2125,2878,0.00020747056242357556,1.4387146464413318e-06,0.00020552018774274073,0.00020734150275701798,0.00020993710151922675,0.00027586206896551725,-4.188312527886527,0.006779073217212665,-4.198957308745752,-4.188413211831364,-4.177340317641964
uniform_random_retrieval,0,750,250,754.0,2125,2878,0.0002100872436892424,8.791912743322385e-07,0.00020861445392609545,0.0002100631208695297,0.00021147170342290352,0.00011140583554376656,-4.1821974560678,0.0047811897874066945,-4.1897119136797265,-4.1821814389255,-4.17500015942643
uniform_random_retrieval,0,1000,250,754.0,2125,2878,0.00021153553969060275,7.059171039986339e-07,0.00021039177607780232,0.00021152867320117075,0.00021257646543540793,3.183023872679045e-05,-4.17943287807786,0.004208335821080337,-4.186210427550068,-4.179234664528633,-4.172474031131232
uniform_random_retrieval,125,100,250,754.0,2000,2753,0.0001948349515471899,3.974560878856214e-06,0.00018918626901621202,0.00019410183811209282,0.00020167721969827678,0.0023607427055702917,-4.210546054738592,0.019394829224197937,-4.2412027073068685,-4.211606115745777,-4.177335847738903
uniform_random_retrieval,125,250,250,754.0,2000,2753,0.00020692699986517274,2.1246362651018406e-06,0.00020357045383246198,0.00020690088676169363,0.00021014620592010421,0.0004350132625994695,-4.1893259755132215,0.009345855504048775,-4.202983314528469,-4.190616223879298,-4.171901355093696
uniform_random_retrieval,125,500,250,754.0,2000,2753,0.0002113125804630811,1.2646744375820845e-06,0.00020929515570085368,0.0002112795520475712,0.00021337704757796555,0.0001909814323607427,-4.17271889978063,0.005966492111573311,-4.182520672820379,-4.172887490166804,-4.1625060538382135
uniform_random_retrieval,125,750,250,754.0,2000,2753,0.00021389064472536088,8.240383200291903e-07,0.0002124455336703714,0.00021388676822416055,0.0002153037447142046,7.957559681697613e-05,-4.166921273746677,0.004596766383686308,-4.173317081730945,-4.1676867084877465,-4.159187210566096
uniform_random_retrieval,125,1000,250,754.0,2000,2753,0.00021537523592438356,6.995593366624609e-07,0.000214385547944262,0.00021535184136728684,0.00021660720561395027,1.5915119363395225e-05,-4.1628561876334,0.003566357198875935,-4.168443943725669,-4.162935518716088,-4.157225382797561
