forecast_date,realized_date,split,method,scenario_count,VaR_99,ES_975,realized_loss,var_exceedance_99,es_exceedance_975,window,lambda,regime_bins,dist,sim_draws,nu,refit_interval,k,window_length,topology_input_mode,feature_mode,tau,embedding_dimension,alpha
2020-02-14,2020-02-18,test,euclidean_knn,1000,0.0101032530071145,0.0108051598569654,0.0009105628350296,0.0,0.0,,,,,,,,1000.0,,,,,,
2020-02-14,2020-02-18,test,fhs_ewma,4417,0.0098871741965488,0.0106426507634617,0.0009105628350296,0.0,0.0,,0.94,,,,,,,,,,,,
2020-02-14,2020-02-18,test,fhs_ewma,4417,0.0096393583817175,0.0102503893402017,0.0009105628350296,0.0,0.0,,0.97,,,,,,,,,,,,
2020-02-14,2020-02-18,test,random_knn,1000,0.0170427537392816,0.0180147233533167,0.0009105628350296,0.0,0.0,,,,,,,,1000.0,,,,,,
2020-02-14,2020-02-18,test,rolling_hs,250,0.012905278370764,0.01174592311781,0.0009105628350296,0.0,0.0,250.0,,,,,,,,,,,,,
2020-02-14,2020-02-18,test,rolling_hs,500,0.0145913244896728,0.0142758006244938,0.0009105628350296,0.0,0.0,500.0,,,,,,,,,,,,,
2020-02-14,2020-02-18,test,rolling_hs,1000,0.0145437444666646,0.0141281345109603,0.0009105628350296,0.0,0.0,1000.0,,,,,,,,,,,,,
2020-02-14,2020-02-18,test,topology_knn,1000,0.0161132827525517,0.0165142617358835,0.0009105628350296,0.0,0.0,,,,,,,,1000.0,125.0,portfolio_only,landscape_h1_top3_weighted,3.0,5.0,0.0
2020-02-14,2020-02-18,test,topology_placebo_knn,1000,0.0186055757410257,0.0189676678095585,0.0009105628350296,0.0,0.0,,,,,,,,1000.0,125.0,portfolio_only,landscape_h1_top3_weighted,3.0,5.0,0.0
2020-02-18,2020-02-19,test,euclidean_knn,1000,0.0103368906684008,0.0112778583844296,-0.0027981347088183,0.0,0.0,,,,,,,,1000.0,,,,,,
2020-02-18,2020-02-19,test,fhs_ewma,4418,0.0096049511472143,0.0103391307457207,-0.0027981347088183,0.0,0.0,,0.94,,,,,,,,,,,,
2020-02-18,2020-02-19,test,fhs_ewma,4418,0.0095033134500052,0.0101057927464441,-0.0027981347088183,0.0,0.0,,0.97,,,,,,,,,,,,
2020-02-18,2020-02-19,test,random_knn,1000,0.0160169959789567,0.0184139590391316,-0.0027981347088183,0.0,0.0,,,,,,,,1000.0,,,,,,
2020-02-18,2020-02-19,test,rolling_hs,250,0.012905278370764,0.01174592311781,-0.0027981347088183,0.0,0.0,250.0,,,,,,,,,,,,,
2020-02-18,2020-02-19,test,rolling_hs,500,0.0145913244896728,0.0142758006244938,-0.0027981347088183,0.0,0.0,500.0,,,,,,,,,,,,,
2020-02-18,2020-02-19,test,rolling_hs,1000,0.0145437444666646,0.0141281345109603,-0.0027981347088183,0.0,0.0,1000.0,,,,,,,,,,,,,
2020-02-18,2020-02-19,test,topology_knn,1000,0.0155453584599745,0.0158328021285817,-0.0027981347088183,0.0,0.0,,,,,,,,1000.0,125.0,portfolio_only,landscape_h1_top3_weighted,3.0,5.0,0.0
2020-02-18,2020-02-19,test,topology_placebo_knn,1000,0.0192583673362705,0.0206653441814941,-0.0027981347088183,0.0,0.0,,,,,,,,1000.0,125.0,portfolio_only,landscape_h1_top3_weighted,3.0,5.0,0.0
2020-02-19,2020-02-20,test,euclidean_knn,1000,0.0102763115380988,0.01106792765591,0.0013015555552228,0.0,0.0,,,,,,,,1000.0,,,,,,
2020-02-19,2020-02-20,test,fhs_ewma,4419,0.0094973504070155,0.0102235699026025,0.0013015555552228,0.0,0.0,,0.94,,,,,,,,,,,,
2020-02-19,2020-02-20,test,fhs_ewma,4419,0.0094522452741939,0.010051558740875,0.0013015555552228,0.0,0.0,,0.97,,,,,,,,,,,,
2020-02-19,2020-02-20,test,random_knn,1000,0.0148515275762868,0.0169638614823509,0.0013015555552228,0.0,0.0,,,,,,,,1000.0,,,,,,
2020-02-19,2020-02-20,test,rolling_hs,250,0.012905278370764,0.01174592311781,0.0013015555552228,0.0,0.0,250.0,,,,,,,,,,,,,
2020-02-19,2020-02-20,test,rolling_hs,500,0.0145913244896728,0.0142758006244938,0.0013015555552228,0.0,0.0,500.0,,,,,,,,,,,,,
2020-02-19,2020-02-20,test,rolling_hs,1000,0.0145437444666646,0.0141281345109603,0.0013015555552228,0.0,0.0,1000.0,,,,,,,,,,,,,
2020-02-19,2020-02-20,test,topology_knn,1000,0.0155453584599745,0.0155058358185693,0.0013015555552228,0.0,0.0,,,,,,,,1000.0,125.0,portfolio_only,landscape_h1_top3_weighted,3.0,5.0,0.0
2020-02-19,2020-02-20,test,topology_placebo_knn,1000,0.014868674024464,0.0192737440545627,0.0013015555552228,0.0,0.0,,,,,,,,1000.0,125.0,portfolio_only,landscape_h1_top3_weighted,3.0,5.0,0.0
2020-02-20,2020-02-21,test,euclidean_knn,1000,0.0110254109816935,0.0115593627946205,0.0045620383102443,0.0,0.0,,,,,,,,1000.0,,,,,,
2020-02-20,2020-02-21,test,fhs_ewma,4420,0.0092486298786125,0.0099560885629052,0.0045620383102443,0.0,0.0,,0.94,,,,,,,,,,,,
2020-02-20,2020-02-21,test,fhs_ewma,4420,0.009329544031211,0.0099211485024616,0.0045620383102443,0.0,0.0,,0.97,,,,,,,,,,,,
2020-02-20,2020-02-21,test,random_knn,1000,0.0186312235289464,0.0222625223623667,0.0045620383102443,0.0,0.0,,,,,,,,1000.0,,,,,,
2020-02-20,2020-02-21,test,rolling_hs,250,0.012905278370764,0.01174592311781,0.0045620383102443,0.0,0.0,250.0,,,,,,,,,,,,,
2020-02-20,2020-02-21,test,rolling_hs,500,0.0145913244896728,0.0142758006244938,0.0045620383102443,0.0,0.0,500.0,,,,,,,,,,,,,
2020-02-20,2020-02-21,test,rolling_hs,1000,0.0145437444666646,0.0141281345109603,0.0045620383102443,0.0,0.0,1000.0,,,,,,,,,,,,,
2020-02-20,2020-02-21,test,topology_knn,1000,0.0155453584599745,0.0155058358185693,0.0045620383102443,0.0,0.0,,,,,,,,1000.0,125.0,portfolio_only,landscape_h1_top3_weighted,3.0,5.0,0.0
2020-02-20,2020-02-21,test,topology_placebo_knn,1000,0.0160333253092022,0.0167285085422942,0.0045620383102443,0.0,0.0,,,,,,,,1000.0,125.0,portfolio_only,landscape_h1_top3_weighted,3.0,5.0,0.0
2020-02-21,2020-02-24,test,euclidean_knn,1000,0.0122432601643186,0.0118941122186341,0.0167830782270852,1.0,1.0,,,,,,,,1000.0,,,,,,
2020-02-21,2020-02-24,test,fhs_ewma,4421,0.009468992215638,0.0101935710319667,0.0167830782270852,1.0,1.0,,0.94,,,,,,,,,,,,
2020-02-21,2020-02-24,test,fhs_ewma,4421,0.0094371596852846,0.0100356598885347,0.0167830782270852,1.0,1.0,,0.97,,,,,,,,,,,,
2020-02-21,2020-02-24,test,random_knn,1000,0.016480524629717,0.018098100180981,0.0167830782270852,1.0,0.0,,,,,,,,1000.0,,,,,,
2020-02-21,2020-02-24,test,rolling_hs,250,0.012905278370764,0.01174592311781,0.0167830782270852,1.0,1.0,250.0,,,,,,,,,,,,,
2020-02-21,2020-02-24,test,rolling_hs,500,0.0145913244896728,0.0142758006244938,0.0167830782270852,1.0,1.0,500.0,,,,,,,,,,,,,
2020-02-21,2020-02-24,test,rolling_hs,1000,0.0145437444666646,0.0141281345109603,0.0167830782270852,1.0,1.0,1000.0,,,,,,,,,,,,,
2020-02-21,2020-02-24,test,topology_knn,1000,0.016028097579289,0.0159124720175672,0.0167830782270852,1.0,1.0,,,,,,,,1000.0,125.0,portfolio_only,landscape_h1_top3_weighted,3.0,5.0,0.0
2020-02-21,2020-02-24,test,topology_placebo_knn,1000,0.01583829207284,0.0169175940088068,0.0167830782270852,1.0,0.0,,,,,,,,1000.0,125.0,portfolio_only,landscape_h1_top3_weighted,3.0,5.0,0.0
2020-02-24,2020-02-25,test,euclidean_knn,1000,0.0145913244896728,0.0145834176927737,0.0170694949132579,1.0,1.0,,,,,,,,1000.0,,,,,,
2020-02-24,2020-02-25,test,fhs_ewma,4422,0.0145012004234208,0.0157109999964913,0.0170694949132579,1.0,1.0,,0.94,,,,,,,,,,,,
2020-02-24,2020-02-25,test,fhs_ewma,4422,0.012328696445511,0.0130935680153408,0.0170694949132579,1.0,1.0,,0.97,,,,,,,,,,,,
2020-02-24,2020-02-25,test,random_knn,1000,0.0161170082706918,0.0196588754799192,0.0170694949132579,1.0,0.0,,,,,,,,1000.0,,,,,,
2020-02-24,2020-02-25,test,rolling_hs,250,0.0138497882821348,0.0129066197310604,0.0170694949132579,1.0,1.0,250.0,,,,,,,,,,,,,
2020-02-24,2020-02-25,test,rolling_hs,500,0.0148481646581624,0.014647974665691,0.0170694949132579,1.0,1.0,500.0,,,,,,,,,,,,,
2020-02-24,2020-02-25,test,rolling_hs,1000,0.0145913244896728,0.0143886471431428,0.0170694949132579,1.0,1.0,1000.0,,,,,,,,,,,,,
2020-02-24,2020-02-25,test,topology_knn,1000,0.0162672124831832,0.0165808125032802,0.0170694949132579,1.0,1.0,,,,,,,,1000.0,125.0,portfolio_only,landscape_h1_top3_weighted,3.0,5.0,0.0
2020-02-24,2020-02-25,test,topology_placebo_knn,1000,0.0155359364118312,0.0177717118657969,0.0170694949132579,1.0,0.0,,,,,,,,1000.0,125.0,portfolio_only,landscape_h1_top3_weighted,3.0,5.0,0.0
2020-02-25,2020-02-26,test,euclidean_knn,1000,0.0160315509542736,0.0167421158749931,0.0024148321694126,0.0,0.0,,,,,,,,1000.0,,,,,,
2020-02-25,2020-02-26,test,fhs_ewma,4423,0.0182305067523237,0.0196725678213806,0.0024148321694126,0.0,0.0,,0.94,,,,,,,,,,,,
2020-02-25,2020-02-26,test,fhs_ewma,4423,0.0146818240453345,0.0156002323979368,0.0024148321694126,0.0,0.0,,0.97,,,,,,,,,,,,
2020-02-25,2020-02-26,test,random_knn,1000,0.0160275922550676,0.0189856974151921,0.0024148321694126,0.0,0.0,,,,,,,,1000.0,,,,,,
2020-02-25,2020-02-26,test,rolling_hs,250,0.0148353465720706,0.0140757698549935,0.0024148321694126,0.0,0.0,250.0,,,,,,,,,,,,,
2020-02-25,2020-02-26,test,rolling_hs,500,0.0150818196232874,0.0150192469044212,0.0024148321694126,0.0,0.0,500.0,,,,,,,,,,,,,
2020-02-25,2020-02-26,test,rolling_hs,1000,0.0148481646581624,0.0146532823936744,0.0024148321694126,0.0,0.0,1000.0,,,,,,,,,,,,,
2020-02-25,2020-02-26,test,topology_knn,1000,0.0192478189269851,0.0199572449887331,0.0024148321694126,0.0,0.0,,,,,,,,1000.0,125.0,portfolio_only,landscape_h1_top3_weighted,3.0,5.0,0.0
2020-02-25,2020-02-26,test,topology_placebo_knn,1000,0.015991937730916,0.0169623531728473,0.0024148321694126,0.0,0.0,,,,,,,,1000.0,125.0,portfolio_only,landscape_h1_top3_weighted,3.0,5.0,0.0
2020-02-26,2020-02-27,test,euclidean_knn,1000,0.0160315509542736,0.0169441582520242,0.0250059444964043,1.0,1.0,,,,,,,,1000.0,,,,,,
2020-02-26,2020-02-27,test,fhs_ewma,4424,0.0177481268835901,0.0191536746848393,0.0250059444964043,1.0,1.0,,0.94,,,,,,,,,,,,
2020-02-26,2020-02-27,test,fhs_ewma,4424,0.0145056337034123,0.0154134432707733,0.0250059444964043,1.0,1.0,,0.97,,,,,,,,,,,,
2020-02-26,2020-02-27,test,random_knn,1000,0.0170864341812631,0.0219738973297016,0.0250059444964043,1.0,1.0,,,,,,,,1000.0,,,,,,
2020-02-26,2020-02-27,test,rolling_hs,250,0.0148353465720706,0.0140757698549935,0.0250059444964043,1.0,1.0,250.0,,,,,,,,,,,,,
2020-02-26,2020-02-27,test,rolling_hs,500,0.0150818196232874,0.0150192469044212,0.0250059444964043,1.0,1.0,500.0,,,,,,,,,,,,,
2020-02-26,2020-02-27,test,rolling_hs,1000,0.0148481646581624,0.0146532823936744,0.0250059444964043,1.0,1.0,1000.0,,,,,,,,,,,,,
2020-02-26,2020-02-27,test,topology_knn,1000,0.0198231774133005,0.0206274805130103,0.0250059444964043,1.0,1.0,,,,,,,,1000.0,125.0,portfolio_only,landscape_h1_top3_weighted,3.0,5.0,0.0
2020-02-26,2020-02-27,test,topology_placebo_knn,1000,0.0159669670935018,0.0202216515687138,0.0250059444964043,1.0,1.0,,,,,,,,1000.0,125.0,portfolio_only,landscape_h1_top3_weighted,3.0,5.0,0.0
2020-02-27,2020-02-28,test,euclidean_knn,1000,0.0176064227218505,0.0190401875007996,-0.0019630507276869,0.0,0.0,,,,,,,,1000.0,,,,,,
2020-02-27,2020-02-28,test,fhs_ewma,4425,0.0241197496308386,0.0260997795198068,-0.0019630507276869,0.0,0.0,,0.94,,,,,,,,,,,,
2020-02-27,2020-02-28,test,fhs_ewma,4425,0.0186699185976029,0.019961610021061,-0.0019630507276869,0.0,0.0,,0.97,,,,,,,,,,,,
2020-02-27,2020-02-28,test,random_knn,1000,0.0195397942414904,0.0213019422391839,-0.0019630507276869,0.0,0.0,,,,,,,,1000.0,,,,,,
2020-02-27,2020-02-28,test,rolling_hs,250,0.0159447820969814,0.0163318483831789,-0.0019630507276869,0.0,0.0,250.0,,,,,,,,,,,,,
2020-02-27,2020-02-28,test,rolling_hs,500,0.016034810556152,0.015977907922995,-0.0019630507276869,0.0,0.0,500.0,,,,,,,,,,,,,
2020-02-27,2020-02-28,test,rolling_hs,1000,0.0150817074859103,0.0152294787646985,-0.0019630507276869,0.0,0.0,1000.0,,,,,,,,,,,,,
2020-02-27,2020-02-28,test,topology_knn,1000,0.0221300112171765,0.0243830629021941,-0.0019630507276869,0.0,0.0,,,,,,,,1000.0,125.0,portfolio_only,landscape_h1_top3_weighted,3.0,5.0,0.0
2020-02-27,2020-02-28,test,topology_placebo_knn,1000,0.0170427537392816,0.0175935170361729,-0.0019630507276869,0.0,0.0,,,,,,,,1000.0,125.0,portfolio_only,landscape_h1_top3_weighted,3.0,5.0,0.0
2020-02-28,2020-03-02,test,euclidean_knn,1000,0.0187651748466549,0.0196096991499031,-0.0257107581984922,0.0,0.0,,,,,,,,1000.0,,,,,,
2020-02-28,2020-03-02,test,fhs_ewma,4426,0.0234223013158039,0.025345180967336,-0.0257107581984922,0.0,0.0,,0.94,,,,,,,,,,,,
2020-02-28,2020-03-02,test,fhs_ewma,4426,0.0184115254313097,0.0196856415312537,-0.0257107581984922,0.0,0.0,,0.97,,,,,,,,,,,,
2020-02-28,2020-03-02,test,random_knn,1000,0.0187660305881506,0.0197516531126384,-0.0257107581984922,0.0,0.0,,,,,,,,1000.0,,,,,,
2020-02-28,2020-03-02,test,rolling_hs,250,0.0159447820969814,0.0163318483831789,-0.0257107581984922,0.0,0.0,250.0,,,,,,,,,,,,,
2020-02-28,2020-03-02,test,rolling_hs,500,0.016034810556152,0.015977907922995,-0.0257107581984922,0.0,0.0,500.0,,,,,,,,,,,,,
2020-02-28,2020-03-02,test,rolling_hs,1000,0.0150817074859103,0.0152294787646985,-0.0257107581984922,0.0,0.0,1000.0,,,,,,,,,,,,,
2020-02-28,2020-03-02,test,topology_knn,1000,0.0221300112171765,0.0246325935889885,-0.0257107581984922,0.0,0.0,,,,,,,,1000.0,125.0,portfolio_only,landscape_h1_top3_weighted,3.0,5.0,0.0
2020-02-28,2020-03-02,test,topology_placebo_knn,1000,0.0179131269528314,0.0187667720021371,-0.0257107581984922,0.0,0.0,,,,,,,,1000.0,125.0,portfolio_only,landscape_h1_top3_weighted,3.0,5.0,0.0
2020-03-02,2020-03-03,test,euclidean_knn,1000,0.0170747473227588,0.0187930033732876,0.0125315701382175,0.0,0.0,,,,,,,,1000.0,,,,,,
2020-03-02,2020-03-03,test,fhs_ewma,4427,0.028569936927495,0.0309155447958636,0.0125315701382175,0.0,0.0,,0.94,,,,,,,,,,,,
2020-03-02,2020-03-03,test,fhs_ewma,4427,0.021925832620366,0.0234435055383514,0.0125315701382175,0.0,0.0,,0.97,,,,,,,,,,,,
2020-03-02,2020-03-03,test,random_knn,1000,0.0160652068178468,0.0175336554804175,0.0125315701382175,0.0,0.0,,,,,,,,1000.0,,,,,,
2020-03-02,2020-03-03,test,rolling_hs,250,0.0159447820969814,0.0163318483831789,0.0125315701382175,0.0,0.0,250.0,,,,,,,,,,,,,
2020-03-02,2020-03-03,test,rolling_hs,500,0.016034810556152,0.015977907922995,0.0125315701382175,0.0,0.0,500.0,,,,,,,,,,,,,
2020-03-02,2020-03-03,test,rolling_hs,1000,0.0150817074859103,0.0152294787646985,0.0125315701382175,0.0,0.0,1000.0,,,,,,,,,,,,,
2020-03-02,2020-03-03,test,topology_knn,1000,0.0247106912600651,0.0269953457065303,0.0125315701382175,0.0,0.0,,,,,,,,1000.0,125.0,portfolio_only,landscape_h1_top3_weighted,3.0,5.0,0.0
2020-03-02,2020-03-03,test,topology_placebo_knn,1000,0.0176081758547312,0.0207503102872194,0.0125315701382175,0.0,0.0,,,,,,,,1000.0,125.0,portfolio_only,landscape_h1_top3_weighted,3.0,5.0,0.0
2020-03-03,2020-03-04,test,euclidean_knn,1000,0.0187651748466549,0.0191532656792419,-0.0243416063243185,0.0,0.0,,,,,,,,1000.0,,,,,,
2020-03-03,2020-03-04,test,fhs_ewma,4428,0.0289596558575737,0.031337389003447,-0.0243416063243185,0.0,0.0,,0.94,,,,,,,,,,,,
2020-03-03,2020-03-04,test,fhs_ewma,4428,0.0224142675624087,0.0239661166289434,-0.0243416063243185,0.0,0.0,,0.97,,,,,,,,,,,,
2020-03-03,2020-03-04,test,random_knn,1000,0.0188000424068579,0.0198864821272638,-0.0243416063243185,0.0,0.0,,,,,,,,1000.0,,,,,,
2020-03-03,2020-03-04,test,rolling_hs,250,0.0159447820969814,0.0163318483831789,-0.0243416063243185,0.0,0.0,250.0,,,,,,,,,,,,,
2020-03-03,2020-03-04,test,rolling_hs,500,0.016034810556152,0.015977907922995,-0.0243416063243185,0.0,0.0,500.0,,,,,,,,,,,,,
2020-03-03,2020-03-04,test,rolling_hs,1000,0.0150817074859103,0.0152852111937698,-0.0243416063243185,0.0,0.0,1000.0,,,,,,,,,,,,,
2020-03-03,2020-03-04,test,topology_knn,1000,0.0250157588553164,0.0272772915219616,-0.0243416063243185,0.0,0.0,,,,,,,,1000.0,125.0,portfolio_only,landscape_h1_top3_weighted,3.0,5.0,0.0
2020-03-03,2020-03-04,test,topology_placebo_knn,1000,0.0170747473227588,0.0208479013980128,-0.0243416063243185,0.0,0.0,,,,,,,,1000.0,125.0,portfolio_only,landscape_h1_top3_weighted,3.0,5.0,0.0
2020-03-04,2020-03-05,test,euclidean_knn,1000,0.0176064227218505,0.0189121438215154,0.0163899429810092,0.0,0.0,,,,,,,,1000.0,,,,,,
2020-03-04,2020-03-05,test,fhs_ewma,4429,0.0325227658572553,0.0351931932476523,0.0163899429810092,0.0,0.0,,0.94,,,,,,,,,,,,
2020-03-04,2020-03-05,test,fhs_ewma,4429,0.0249697912449215,0.0266989810056008,0.0163899429810092,0.0,0.0,,0.97,,,,,,,,,,,,
2020-03-04,2020-03-05,test,random_knn,1000,0.0202348334634872,0.020977404637028,0.0163899429810092,0.0,0.0,,,,,,,,1000.0,,,,,,
2020-03-04,2020-03-05,test,rolling_hs,250,0.0159447820969814,0.0163318483831789,0.0163899429810092,1.0,1.0,250.0,,,,,,,,,,,,,
2020-03-04,2020-03-05,test,rolling_hs,500,0.016034810556152,0.015977907922995,0.0163899429810092,1.0,1.0,500.0,,,,,,,,,,,,,
2020-03-04,2020-03-05,test,rolling_hs,1000,0.0150817074859103,0.0152852111937698,0.0163899429810092,1.0,1.0,1000.0,,,,,,,,,,,,,
2020-03-04,2020-03-05,test,topology_knn,1000,0.0273431184276815,0.0295921087710731,0.0163899429810092,0.0,0.0,,,,,,,,1000.0,125.0,portfolio_only,landscape_h1_top3_weighted,3.0,5.0,0.0
2020-03-04,2020-03-05,test,topology_placebo_knn,1000,0.0179004707193577,0.0200295398183264,0.0163899429810092,0.0,0.0,,,,,,,,1000.0,125.0,portfolio_only,landscape_h1_top3_weighted,3.0,5.0,0.0
2020-03-05,2020-03-06,test,euclidean_knn,1000,0.0210908933040088,0.0213868037282832,0.0058578130323741,0.0,0.0,,,,,,,,1000.0,,,,,,
2020-03-05,2020-03-06,test,fhs_ewma,4430,0.0334124802537537,0.036156110623103,0.0058578130323741,0.0,0.0,,0.94,,,,,,,,,,,,
2020-03-05,2020-03-06,test,fhs_ewma,4430,0.0258167554925242,0.0276050218255967,0.0058578130323741,0.0,0.0,,0.97,,,,,,,,,,,,
2020-03-05,2020-03-06,test,random_knn,1000,0.0162853731681605,0.0187720070045258,0.0058578130323741,0.0,0.0,,,,,,,,1000.0,,,,,,
2020-03-05,2020-03-06,test,rolling_hs,250,0.0165904419565079,0.0168557350220997,0.0058578130323741,0.0,0.0,250.0,,,,,,,,,,,,,
2020-03-05,2020-03-06,test,rolling_hs,500,0.0163938743334699,0.0162600007285677,0.0058578130323741,0.0,0.0,500.0,,,,,,,,,,,,,
2020-03-05,2020-03-06,test,rolling_hs,1000,0.0160161506965174,0.0154934999181146,0.0058578130323741,0.0,0.0,1000.0,,,,,,,,,,,,,
2020-03-05,2020-03-06,test,topology_knn,1000,0.0296405686417267,0.030157004738073,0.0058578130323741,0.0,0.0,,,,,,,,1000.0,125.0,portfolio_only,landscape_h1_top3_weighted,3.0,5.0,0.0
2020-03-05,2020-03-06,test,topology_placebo_knn,1000,0.016811747643082,0.0177333874758029,0.0058578130323741,0.0,0.0,,,,,,,,1000.0,125.0,portfolio_only,landscape_h1_top3_weighted,3.0,5.0,0.0
2020-03-06,2020-03-09,test,euclidean_knn,1000,0.0212273660996103,0.0218433282165221,0.0432688598961454,1.0,1.0,,,,,,,,1000.0,,,,,,
2020-03-06,2020-03-09,test,fhs_ewma,4431,0.0326343781428014,0.0353142610068491,0.0432688598961454,1.0,1.0,,0.94,,,,,,,,,,,,
2020-03-06,2020-03-09,test,fhs_ewma,4431,0.0255807705867405,0.0273531101634626,0.0432688598961454,1.0,1.0,,0.97,,,,,,,,,,,,
2020-03-06,2020-03-09,test,random_knn,1000,0.018615417251216,0.0200158474889731,0.0432688598961454,1.0,1.0,,,,,,,,1000.0,,,,,,
2020-03-06,2020-03-09,test,rolling_hs,250,0.0165904419565079,0.0168557350220997,0.0432688598961454,1.0,1.0,250.0,,,,,,,,,,,,,
2020-03-06,2020-03-09,test,rolling_hs,500,0.0163938743334699,0.0162600007285677,0.0432688598961454,1.0,1.0,500.0,,,,,,,,,,,,,
2020-03-06,2020-03-09,test,rolling_hs,1000,0.0160161506965174,0.0154934999181146,0.0432688598961454,1.0,1.0,1000.0,,,,,,,,,,,,,
2020-03-06,2020-03-09,test,topology_knn,1000,0.0296405686417267,0.0300654994056413,0.0432688598961454,1.0,1.0,,,,,,,,1000.0,125.0,portfolio_only,landscape_h1_top3_weighted,3.0,5.0,0.0
2020-03-06,2020-03-09,test,topology_placebo_knn,1000,0.0179001271656334,0.0176148179276875,0.0432688598961454,1.0,1.0,,,,,,,,1000.0,125.0,portfolio_only,landscape_h1_top3_weighted,3.0,5.0,0.0
2020-03-09,2020-03-10,test,euclidean_knn,1000,0.0250276831646765,0.027953590663347,-0.0237043058197012,0.0,0.0,,,,,,,,1000.0,,,,,,
2020-03-09,2020-03-10,test,fhs_ewma,4432,0.0432793801968653,0.0467716591405221,-0.0237043058197012,0.0,0.0,,0.94,,,,,,,,,,,,
2020-03-09,2020-03-10,test,fhs_ewma,4432,0.0328874429129599,0.0351641945759706,-0.0237043058197012,0.0,0.0,,0.97,,,,,,,,,,,,
2020-03-09,2020-03-10,test,random_knn,1000,0.0188120613089901,0.0201450643794762,-0.0237043058197012,0.0,0.0,,,,,,,,1000.0,,,,,,
2020-03-09,2020-03-10,test,rolling_hs,250,0.0169291507370333,0.0211683347603255,-0.0237043058197012,0.0,0.0,250.0,,,,,,,,,,,,,
2020-03-09,2020-03-10,test,rolling_hs,500,0.0167859423939469,0.0186060217249579,-0.0237043058197012,0.0,0.0,500.0,,,,,,,,,,,,,
2020-03-09,2020-03-10,test,rolling_hs,1000,0.0160295997910621,0.016761211709994,-0.0237043058197012,0.0,0.0,1000.0,,,,,,,,,,,,,
2020-03-09,2020-03-10,test,topology_knn,1000,0.0296405686417267,0.0304879052703972,-0.0237043058197012,0.0,0.0,,,,,,,,1000.0,125.0,portfolio_only,landscape_h1_top3_weighted,3.0,5.0,0.0
2020-03-09,2020-03-10,test,topology_placebo_knn,1000,0.0189445890472623,0.0191061330377056,-0.0237043058197012,0.0,0.0,,,,,,,,1000.0,125.0,portfolio_only,landscape_h1_top3_weighted,3.0,5.0,0.0
2020-03-10,2020-03-11,test,euclidean_knn,1000,0.0250276831646765,0.0281843496194392,0.0332407598484882,1.0,1.0,,,,,,,,1000.0,,,,,,
2020-03-10,2020-03-11,test,fhs_ewma,4433,0.0449303579933631,0.0485596880744061,0.0332407598484882,0.0,0.0,,0.94,,,,,,,,,,,,
2020-03-10,2020-03-11,test,fhs_ewma,4433,0.0343515880280219,0.0367335530313301,0.0332407598484882,0.0,0.0,,0.97,,,,,,,,,,,,
2020-03-10,2020-03-11,test,random_knn,1000,0.0162639528813048,0.0172518725362605,0.0332407598484882,1.0,1.0,,,,,,,,1000.0,,,,,,
2020-03-10,2020-03-11,test,rolling_hs,250,0.0169291507370333,0.0211683347603255,0.0332407598484882,1.0,1.0,250.0,,,,,,,,,,,,,
2020-03-10,2020-03-11,test,rolling_hs,500,0.0167859423939469,0.0186060217249579,0.0332407598484882,1.0,1.0,500.0,,,,,,,,,,,,,
2020-03-10,2020-03-11,test,rolling_hs,1000,0.0160295997910621,0.016761211709994,0.0332407598484882,1.0,1.0,1000.0,,,,,,,,,,,,,
2020-03-10,2020-03-11,test,topology_knn,1000,0.0296405686417267,0.0304879052703972,0.0332407598484882,1.0,1.0,,,,,,,,1000.0,125.0,portfolio_only,landscape_h1_top3_weighted,3.0,5.0,0.0
2020-03-10,2020-03-11,test,topology_placebo_knn,1000,0.0166385797784055,0.0174146456614667,0.0332407598484882,1.0,1.0,,,,,,,,1000.0,125.0,portfolio_only,landscape_h1_top3_weighted,3.0,5.0,0.0
2020-03-11,2020-03-12,test,euclidean_knn,1000,0.0271812148601858,0.0290558885065912,0.0572026605223046,1.0,1.0,,,,,,,,1000.0,,,,,,
2020-03-11,2020-03-12,test,fhs_ewma,4434,0.0490424867803795,0.0530081639574292,0.0572026605223046,1.0,1.0,,0.94,,,,,,,,,,,,
2020-03-11,2020-03-12,test,fhs_ewma,4434,0.0374455704811094,0.0401119582691674,0.0572026605223046,1.0,1.0,,0.97,,,,,,,,,,,,
2020-03-11,2020-03-12,test,random_knn,1000,0.0179001271656334,0.0192150119774582,0.0572026605223046,1.0,1.0,,,,,,,,1000.0,,,,,,
2020-03-11,2020-03-12,test,rolling_hs,250,0.0211170842006625,0.0238329071658132,0.0572026605223046,1.0,1.0,250.0,,,,,,,,,,,,,
2020-03-11,2020-03-12,test,rolling_hs,500,0.0170747473227588,0.0201567985034135,0.0572026605223046,1.0,1.0,500.0,,,,,,,,,,,,,
2020-03-11,2020-03-12,test,rolling_hs,1000,0.0162632811307224,0.0176262552519212,0.0572026605223046,1.0,1.0,1000.0,,,,,,,,,,,,,
2020-03-11,2020-03-12,test,topology_knn,1000,0.0321230346123515,0.0310603204131192,0.0572026605223046,1.0,1.0,,,,,,,,1000.0,125.0,portfolio_only,landscape_h1_top3_weighted,3.0,5.0,0.0
2020-03-11,2020-03-12,test,topology_placebo_knn,1000,0.0179001271656334,0.0189725095264951,0.0572026605223046,1.0,1.0,,,,,,,,1000.0,125.0,portfolio_only,landscape_h1_top3_weighted,3.0,5.0,0.0
2020-03-12,2020-03-13,test,euclidean_knn,1000,0.0327140337429584,0.0331362526291615,-0.0486838813784641,0.0,0.0,,,,,,,,1000.0,,,,,,
2020-03-12,2020-03-13,test,fhs_ewma,4435,0.0616465772565628,0.0665163114920453,-0.0486838813784641,0.0,0.0,,0.94,,,,,,,,,,,,
2020-03-12,2020-03-13,test,fhs_ewma,4435,0.0462808723899722,0.0496750923316337,-0.0486838813784641,0.0,0.0,,0.97,,,,,,,,,,,,
2020-03-12,2020-03-13,test,random_knn,1000,0.0167071759507239,0.0203918223718179,-0.0486838813784641,0.0,0.0,,,,,,,,1000.0,,,,,,
2020-03-12,2020-03-13,test,rolling_hs,250,0.029205700325967,0.0298515344120992,-0.0486838813784641,0.0,0.0,250.0,,,,,,,,,,,,,
2020-03-12,2020-03-13,test,rolling_hs,500,0.0176067662755749,0.0235298023007193,-0.0486838813784641,0.0,0.0,500.0,,,,,,,,,,,,,
2020-03-12,2020-03-13,test,rolling_hs,1000,0.0163938743334699,0.0194365690451525,-0.0486838813784641,0.0,0.0,1000.0,,,,,,,,,,,,,
2020-03-12,2020-03-13,test,topology_knn,1000,0.0322890234705474,0.0320650291822898,-0.0486838813784641,0.0,0.0,,,,,,,,1000.0,125.0,portfolio_only,landscape_h1_top3_weighted,3.0,5.0,0.0
2020-03-12,2020-03-13,test,topology_placebo_knn,1000,0.0198318115121602,0.0219470529602751,-0.0486838813784641,0.0,0.0,,,,,,,,1000.0,125.0,portfolio_only,landscape_h1_top3_weighted,3.0,5.0,0.0
2020-03-13,2020-03-16,test,euclidean_knn,1000,0.0327140337429584,0.0331362526291615,0.055087342841,1.0,1.0,,,,,,,,1000.0,,,,,,
2020-03-13,2020-03-16,test,fhs_ewma,4436,0.068349163995433,0.0737507023596909,0.055087342841,0.0,0.0,,0.94,,,,,,,,,,,,
2020-03-13,2020-03-16,test,fhs_ewma,4436,0.0513354922836787,0.0551011387373044,0.055087342841,1.0,0.0,,0.97,,,,,,,,,,,,
2020-03-13,2020-03-16,test,random_knn,1000,0.0245996556104866,0.0256167232928313,0.055087342841,1.0,1.0,,,,,,,,1000.0,,,,,,
2020-03-13,2020-03-16,test,rolling_hs,250,0.029205700325967,0.0298515344120992,0.055087342841,1.0,1.0,250.0,,,,,,,,,,,,,
2020-03-13,2020-03-16,test,rolling_hs,500,0.0176067662755749,0.0235298023007193,0.055087342841,1.0,1.0,500.0,,,,,,,,,,,,,
2020-03-13,2020-03-16,test,rolling_hs,1000,0.0163938743334699,0.0194365690451525,0.055087342841,1.0,1.0,1000.0,,,,,,,,,,,,,
2020-03-13,2020-03-16,test,topology_knn,1000,0.0322890234705474,0.0320650291822898,0.055087342841,1.0,1.0,,,,,,,,1000.0,125.0,portfolio_only,landscape_h1_top3_weighted,3.0,5.0,0.0
2020-03-13,2020-03-16,test,topology_placebo_knn,1000,0.0160632556546353,0.0154791671033291,0.055087342841,1.0,1.0,,,,,,,,1000.0,125.0,portfolio_only,landscape_h1_top3_weighted,3.0,5.0,0.0
2020-03-16,2020-03-17,test,euclidean_knn,1000,0.0332497130676277,0.0344192199552666,-0.0223660922788124,0.0,0.0,,,,,,,,1000.0,,,,,,
2020-03-16,2020-03-17,test,fhs_ewma,4437,0.0761496588298512,0.0821702635814757,-0.0223660922788124,0.0,0.0,,0.94,,,,,,,,,,,,
2020-03-16,2020-03-17,test,fhs_ewma,4437,0.0574832717093828,0.0615364205811798,-0.0223660922788124,0.0,0.0,,0.97,,,,,,,,,,,,
2020-03-16,2020-03-17,test,random_knn,1000,0.0160275672944448,0.0185615788347943,-0.0223660922788124,0.0,0.0,,,,,,,,1000.0,,,,,,
2020-03-16,2020-03-17,test,rolling_hs,250,0.0383550908727933,0.0353797343920979,-0.0223660922788124,0.0,0.0,250.0,,,,,,,,,,,,,
2020-03-16,2020-03-17,test,rolling_hs,500,0.0188598587603079,0.0266450784415597,-0.0223660922788124,0.0,0.0,500.0,,,,,,,,,,,,,
2020-03-16,2020-03-17,test,rolling_hs,1000,0.0167859423939469,0.0211503445264019,-0.0223660922788124,0.0,0.0,1000.0,,,,,,,,,,,,,
2020-03-16,2020-03-17,test,topology_knn,1000,0.0321230346123515,0.0315117778680637,-0.0223660922788124,0.0,0.0,,,,,,,,1000.0,125.0,portfolio_only,landscape_h1_top3_weighted,3.0,5.0,0.0
2020-03-16,2020-03-17,test,topology_placebo_knn,1000,0.0160308792036913,0.0166996565011973,-0.0223660922788124,0.0,0.0,,,,,,,,1000.0,125.0,portfolio_only,landscape_h1_top3_weighted,3.0,5.0,0.0
2020-03-17,2020-03-18,test,euclidean_knn,1000,0.0332497130676277,0.0344192199552666,0.0359320573128624,1.0,1.0,,,,,,,,1000.0,,,,,,
2020-03-17,2020-03-18,test,fhs_ewma,4438,0.0753826434939756,0.0813451840471012,0.0359320573128624,0.0,0.0,,0.94,,,,,,,,,,,,
2020-03-17,2020-03-18,test,fhs_ewma,4438,0.0576510716848824,0.0617205804691007,0.0359320573128624,0.0,0.0,,0.97,,,,,,,,,,,,
2020-03-17,2020-03-18,test,random_knn,1000,0.016458892394176,0.0177053230925469,0.0359320573128624,1.0,1.0,,,,,,,,1000.0,,,,,,
2020-03-17,2020-03-18,test,rolling_hs,250,0.0383550908727933,0.0353797343920979,0.0359320573128624,0.0,1.0,250.0,,,,,,,,,,,,,
2020-03-17,2020-03-18,test,rolling_hs,500,0.0188598587603079,0.0266450784415597,0.0359320573128624,1.0,1.0,500.0,,,,,,,,,,,,,
2020-03-17,2020-03-18,test,rolling_hs,1000,0.0167859423939469,0.0211503445264019,0.0359320573128624,1.0,1.0,1000.0,,,,,,,,,,,,,
2020-03-17,2020-03-18,test,topology_knn,1000,0.0321230346123515,0.0315117778680637,0.0359320573128624,1.0,1.0,,,,,,,,1000.0,125.0,portfolio_only,landscape_h1_top3_weighted,3.0,5.0,0.0
2020-03-17,2020-03-18,test,topology_placebo_knn,1000,0.0187637652674986,0.0196124749049452,0.0359320573128624,1.0,1.0,,,,,,,,1000.0,125.0,portfolio_only,landscape_h1_top3_weighted,3.0,5.0,0.0
2020-03-18,2020-03-19,test,euclidean_knn,1000,0.0341392867371722,0.034932542507521,-0.0025875833281558,0.0,0.0,,,,,,,,1000.0,,,,,,
2020-03-18,2020-03-19,test,fhs_ewma,4439,0.0770721359761124,0.0831709464335304,-0.0025875833281558,0.0,0.0,,0.94,,,,,,,,,,,,
2020-03-18,2020-03-19,test,fhs_ewma,4439,0.0594167255290247,0.063615537055003,-0.0025875833281558,0.0,0.0,,0.97,,,,,,,,,,,,
2020-03-18,2020-03-19,test,random_knn,1000,0.0166825862495388,0.0187953440296302,-0.0025875833281558,0.0,0.0,,,,,,,,1000.0,,,,,,
2020-03-18,2020-03-19,test,rolling_hs,250,0.0396738266303367,0.0381153028329233,-0.0025875833281558,0.0,0.0,250.0,,,,,,,,,,,,,
2020-03-18,2020-03-19,test,rolling_hs,500,0.0250882926499251,0.0282670904679431,-0.0025875833281558,0.0,0.0,500.0,,,,,,,,,,,,,
2020-03-18,2020-03-19,test,rolling_hs,1000,0.0170747473227588,0.0220863640133877,-0.0025875833281558,0.0,0.0,1000.0,,,,,,,,,,,,,
2020-03-18,2020-03-19,test,topology_knn,1000,0.0321230346123515,0.0310397661496529,-0.0025875833281558,0.0,0.0,,,,,,,,1000.0,125.0,portfolio_only,landscape_h1_top3_weighted,3.0,5.0,0.0
2020-03-18,2020-03-19,test,topology_placebo_knn,1000,0.0170777140343121,0.0179913704288486,-0.0025875833281558,0.0,0.0,,,,,,,,1000.0,125.0,portfolio_only,landscape_h1_top3_weighted,3.0,5.0,0.0
2020-03-19,2020-03-20,test,euclidean_knn,1000,0.0341392867371722,0.034932542507521,0.015665349459054,0.0,0.0,,,,,,,,1000.0,,,,,,
2020-03-19,2020-03-20,test,fhs_ewma,4440,0.0747426169038916,0.0806596463372602,0.015665349459054,0.0,0.0,,0.94,,,,,,,,,,,,
2020-03-19,2020-03-20,test,fhs_ewma,4440,0.0585279894208755,0.062668595041113,0.015665349459054,0.0,0.0,,0.97,,,,,,,,,,,,
2020-03-19,2020-03-20,test,random_knn,1000,0.0162639528813048,0.0198035800099237,0.015665349459054,0.0,0.0,,,,,,,,1000.0,,,,,,
2020-03-19,2020-03-20,test,rolling_hs,250,0.0396738266303367,0.0381153028329233,0.015665349459054,0.0,0.0,250.0,,,,,,,,,,,,,
2020-03-19,2020-03-20,test,rolling_hs,500,0.0250882926499251,0.0282670904679431,0.015665349459054,0.0,0.0,500.0,,,,,,,,,,,,,
2020-03-19,2020-03-20,test,rolling_hs,1000,0.0170747473227588,0.0220863640133877,0.015665349459054,0.0,0.0,1000.0,,,,,,,,,,,,,
2020-03-19,2020-03-20,test,topology_knn,1000,0.0322890234705474,0.0320880683736126,0.015665349459054,0.0,0.0,,,,,,,,1000.0,125.0,portfolio_only,landscape_h1_top3_weighted,3.0,5.0,0.0
2020-03-19,2020-03-20,test,topology_placebo_knn,1000,0.0166389029459154,0.020717943649039,0.015665349459054,0.0,0.0,,,,,,,,1000.0,125.0,portfolio_only,landscape_h1_top3_weighted,3.0,5.0,0.0
2020-03-20,2020-03-23,test,euclidean_knn,1000,0.0341392867371722,0.034932542507521,0.0106071398530281,0.0,0.0,,,,,,,,1000.0,,,,,,
2020-03-20,2020-03-23,test,fhs_ewma,4441,0.0732444560173158,0.0788670412756766,0.0106071398530281,0.0,0.0,,0.94,,,,,,,,,,,,
2020-03-20,2020-03-23,test,fhs_ewma,4441,0.0581427958346496,0.0621043254103796,0.0106071398530281,0.0,0.0,,0.97,,,,,,,,,,,,
2020-03-20,2020-03-23,test,random_knn,1000,0.018941768135274,0.0250211127817631,0.0106071398530281,0.0,0.0,,,,,,,,1000.0,,,,,,
2020-03-20,2020-03-23,test,rolling_hs,250,0.0396738266303367,0.0381153028329233,0.0106071398530281,0.0,0.0,250.0,,,,,,,,,,,,,
2020-03-20,2020-03-23,test,rolling_hs,500,0.0250882926499251,0.0283127119803087,0.0106071398530281,0.0,0.0,500.0,,,,,,,,,,,,,
2020-03-20,2020-03-23,test,rolling_hs,1000,0.0170747473227588,0.022211243941552,0.0106071398530281,0.0,0.0,1000.0,,,,,,,,,,,,,
2020-03-20,2020-03-23,test,topology_knn,1000,0.0321230346123515,0.031039766149653,0.0106071398530281,0.0,0.0,,,,,,,,1000.0,125.0,portfolio_only,landscape_h1_top3_weighted,3.0,5.0,0.0
2020-03-20,2020-03-23,test,topology_placebo_knn,1000,0.0163940519711273,0.0186466310746982,0.0106071398530281,0.0,0.0,,,,,,,,1000.0,125.0,portfolio_only,landscape_h1_top3_weighted,3.0,5.0,0.0
2020-03-23,2020-03-24,test,euclidean_knn,1000,0.0341392867371722,0.034932542507521,-0.0516412427199263,0.0,0.0,,,,,,,,1000.0,,,,,,
2020-03-23,2020-03-24,test,fhs_ewma,4442,0.0713773237921301,0.0768590155925437,-0.0516412427199263,0.0,0.0,,0.94,,,,,,,,,,,,
2020-03-23,2020-03-24,test,fhs_ewma,4442,0.0574927548098711,0.0614145013662956,-0.0516412427199263,0.0,0.0,,0.97,,,,,,,,,,,,
2020-03-23,2020-03-24,test,random_knn,1000,0.0168035285220277,0.0190460115269821,-0.0516412427199263,0.0,0.0,,,,,,,,1000.0,,,,,,
2020-03-23,2020-03-24,test,rolling_hs,250,0.0396738266303367,0.0381153028329233,-0.0516412427199263,0.0,0.0,250.0,,,,,,,,,,,,,
2020-03-23,2020-03-24,test,rolling_hs,500,0.0250882926499251,0.0283127119803087,-0.0516412427199263,0.0,0.0,500.0,,,,,,,,,,,,,
2020-03-23,2020-03-24,test,rolling_hs,1000,0.0170747473227588,0.022211243941552,-0.0516412427199263,0.0,0.0,1000.0,,,,,,,,,,,,,
2020-03-23,2020-03-24,test,topology_knn,1000,0.0321230346123515,0.031039766149653,-0.0516412427199263,0.0,0.0,,,,,,,,1000.0,125.0,portfolio_only,landscape_h1_top3_weighted,3.0,5.0,0.0
2020-03-23,2020-03-24,test,topology_placebo_knn,1000,0.0164801810759926,0.019185947855517,-0.0516412427199263,0.0,0.0,,,,,,,,1000.0,125.0,portfolio_only,landscape_h1_top3_weighted,3.0,5.0,0.0
2020-03-24,2020-03-25,test,euclidean_knn,1000,0.0341392867371722,0.034932542507521,-0.0092158637936721,0.0,0.0,,,,,,,,1000.0,,,,,,
2020-03-24,2020-03-25,test,fhs_ewma,4443,0.0776233431997736,0.0835873713677497,-0.0092158637936721,0.0,0.0,,0.94,,,,,,,,,,,,
2020-03-24,2020-03-25,test,fhs_ewma,4443,0.0619619701305301,0.0661934330221732,-0.0092158637936721,0.0,0.0,,0.97,,,,,,,,,,,,
2020-03-24,2020-03-25,test,random_knn,1000,0.0215308445007618,0.0221583513848584,-0.0092158637936721,0.0,0.0,,,,,,,,1000.0,,,,,,
2020-03-24,2020-03-25,test,rolling_hs,250,0.0396738266303367,0.0381153028329233,-0.0092158637936721,0.0,0.0,250.0,,,,,,,,,,,,,
2020-03-24,2020-03-25,test,rolling_hs,500,0.0250882926499251,0.0283127119803087,-0.0092158637936721,0.0,0.0,500.0,,,,,,,,,,,,,
2020-03-24,2020-03-25,test,rolling_hs,1000,0.0170747473227588,0.022211243941552,-0.0092158637936721,0.0,0.0,1000.0,,,,,,,,,,,,,
2020-03-24,2020-03-25,test,topology_knn,1000,0.0296405686417267,0.0297488015437671,-0.0092158637936721,0.0,0.0,,,,,,,,1000.0,125.0,portfolio_only,landscape_h1_top3_weighted,3.0,5.0,0.0
2020-03-24,2020-03-25,test,topology_placebo_knn,1000,0.0168035285220277,0.0183851082964293,-0.0092158637936721,0.0,0.0,,,,,,,,1000.0,125.0,portfolio_only,landscape_h1_top3_weighted,3.0,5.0,0.0
2020-03-25,2020-03-26,test,euclidean_knn,1000,0.0341392867371722,0.034932542507521,-0.0360023043937831,0.0,0.0,,,,,,,,1000.0,,,,,,
2020-03-25,2020-03-26,test,fhs_ewma,4444,0.0755174368970117,0.0813222400728102,-0.0360023043937831,0.0,0.0,,0.94,,,,,,,,,,,,
2020-03-25,2020-03-26,test,fhs_ewma,4444,0.0611860534650517,0.0653693261466838,-0.0360023043937831,0.0,0.0,,0.97,,,,,,,,,,,,
2020-03-25,2020-03-26,test,random_knn,1000,0.0168252540563511,0.0186618119330504,-0.0360023043937831,0.0,0.0,,,,,,,,1000.0,,,,,,
2020-03-25,2020-03-26,test,rolling_hs,250,0.0396738266303367,0.0381153028329233,-0.0360023043937831,0.0,0.0,250.0,,,,,,,,,,,,,
2020-03-25,2020-03-26,test,rolling_hs,500,0.0250882926499251,0.0283127119803087,-0.0360023043937831,0.0,0.0,500.0,,,,,,,,,,,,,
2020-03-25,2020-03-26,test,rolling_hs,1000,0.0170747473227588,0.022211243941552,-0.0360023043937831,0.0,0.0,1000.0,,,,,,,,,,,,,
2020-03-25,2020-03-26,test,topology_knn,1000,0.0321230346123515,0.0307719689375245,-0.0360023043937831,0.0,0.0,,,,,,,,1000.0,125.0,portfolio_only,landscape_h1_top3_weighted,3.0,5.0,0.0
2020-03-25,2020-03-26,test,topology_placebo_knn,1000,0.0179001271656334,0.0180547178771176,-0.0360023043937831,0.0,0.0,,,,,,,,1000.0,125.0,portfolio_only,landscape_h1_top3_weighted,3.0,5.0,0.0
2020-03-26,2020-03-27,test,euclidean_knn,1000,0.0341392867371722,0.034932542507521,0.0149069029130831,0.0,0.0,,,,,,,,1000.0,,,,,,
2020-03-26,2020-03-27,test,fhs_ewma,4445,0.077209766027091,0.0831472894415363,0.0149069029130831,0.0,0.0,,0.94,,,,,,,,,,,,
2020-03-26,2020-03-27,test,fhs_ewma,4445,0.0627590755669091,0.0670548175296297,0.0149069029130831,0.0,0.0,,0.97,,,,,,,,,,,,
2020-03-26,2020-03-27,test,random_knn,1000,0.0186033983490838,0.0190122847579692,0.0149069029130831,0.0,0.0,,,,,,,,1000.0,,,,,,
2020-03-26,2020-03-27,test,rolling_hs,250,0.0396738266303367,0.0381153028329233,0.0149069029130831,0.0,0.0,250.0,,,,,,,,,,,,,
2020-03-26,2020-03-27,test,rolling_hs,500,0.0250882926499251,0.0283127119803087,0.0149069029130831,0.0,0.0,500.0,,,,,,,,,,,,,
2020-03-26,2020-03-27,test,rolling_hs,1000,0.0170747473227588,0.022211243941552,0.0149069029130831,0.0,0.0,1000.0,,,,,,,,,,,,,
2020-03-26,2020-03-27,test,topology_knn,1000,0.0321230346123515,0.0307719689375245,0.0149069029130831,0.0,0.0,,,,,,,,1000.0,125.0,portfolio_only,landscape_h1_top3_weighted,3.0,5.0,0.0
2020-03-26,2020-03-27,test,topology_placebo_knn,1000,0.0160333253092022,0.0175038726374599,0.0149069029130831,0.0,0.0,,,,,,,,1000.0,125.0,portfolio_only,landscape_h1_top3_weighted,3.0,5.0,0.0
2020-03-27,2020-03-30,test,euclidean_knn,1000,0.0341392867371722,0.034932542507521,-0.0204112234647108,0.0,0.0,,,,,,,,1000.0,,,,,,
2020-03-27,2020-03-30,test,fhs_ewma,4446,0.0755403028609257,0.0813520216070865,-0.0204112234647108,0.0,0.0,,0.94,,,,,,,,,,,,
2020-03-27,2020-03-30,test,fhs_ewma,4446,0.062231371968418,0.0664958751477082,-0.0204112234647108,0.0,0.0,,0.97,,,,,,,,,,,,
2020-03-27,2020-03-30,test,random_knn,1000,0.0179077343439399,0.0198056618870263,-0.0204112234647108,0.0,0.0,,,,,,,,1000.0,,,,,,
2020-03-27,2020-03-30,test,rolling_hs,250,0.0396738266303367,0.0381153028329233,-0.0204112234647108,0.0,0.0,250.0,,,,,,,,,,,,,
2020-03-27,2020-03-30,test,rolling_hs,500,0.0250882926499251,0.0283127119803087,-0.0204112234647108,0.0,0.0,500.0,,,,,,,,,,,,,
2020-03-27,2020-03-30,test,rolling_hs,1000,0.0170747473227588,0.0222986105977328,-0.0204112234647108,0.0,0.0,1000.0,,,,,,,,,,,,,
2020-03-27,2020-03-30,test,topology_knn,1000,0.0296405686417267,0.0297113955102485,-0.0204112234647108,0.0,0.0,,,,,,,,1000.0,125.0,portfolio_only,landscape_h1_top3_weighted,3.0,5.0,0.0
2020-03-27,2020-03-30,test,topology_placebo_knn,1000,0.0161266100940042,0.0191574397137796,-0.0204112234647108,0.0,0.0,,,,,,,,1000.0,125.0,portfolio_only,landscape_h1_top3_weighted,3.0,5.0,0.0
2020-03-30,2020-03-31,test,euclidean_knn,1000,0.0341392867371722,0.034932542507521,0.0082176592938703,0.0,0.0,,,,,,,,1000.0,,,,,,
2020-03-30,2020-03-31,test,fhs_ewma,4447,0.0745436835820414,0.080281272269668,0.0082176592938703,0.0,0.0,,0.94,,,,,,,,,,,,
2020-03-30,2020-03-31,test,fhs_ewma,4447,0.0620879956109051,0.0663475447131411,0.0082176592938703,0.0,0.0,,0.97,,,,,,,,,,,,
2020-03-30,2020-03-31,test,random_knn,1000,0.0168032252156763,0.022451034247582,0.0082176592938703,0.0,0.0,,,,,,,,1000.0,,,,,,
2020-03-30,2020-03-31,test,rolling_hs,250,0.0396738266303367,0.0381153028329233,0.0082176592938703,0.0,0.0,250.0,,,,,,,,,,,,,
2020-03-30,2020-03-31,test,rolling_hs,500,0.0250882926499251,0.0283127119803087,0.0082176592938703,0.0,0.0,500.0,,,,,,,,,,,,,
2020-03-30,2020-03-31,test,rolling_hs,1000,0.0170747473227588,0.0222986105977328,0.0082176592938703,0.0,0.0,1000.0,,,,,,,,,,,,,
2020-03-30,2020-03-31,test,topology_knn,1000,0.0296405686417267,0.0297113955102485,0.0082176592938703,0.0,0.0,,,,,,,,1000.0,125.0,portfolio_only,landscape_h1_top3_weighted,3.0,5.0,0.0
2020-03-30,2020-03-31,test,topology_placebo_knn,1000,0.0179001271656334,0.0188724940657421,0.0082176592938703,0.0,0.0,,,,,,,,1000.0,125.0,portfolio_only,landscape_h1_top3_weighted,3.0,5.0,0.0
2020-03-31,2020-04-01,test,euclidean_knn,1000,0.0341392867371722,0.034932542507521,0.0253744686710267,0.0,0.0,,,,,,,,1000.0,,,,,,
2020-03-31,2020-04-01,test,fhs_ewma,4448,0.072486748740802,0.0780684913285401,0.0253744686710267,0.0,0.0,,0.94,,,,,,,,,,,,
2020-03-31,2020-04-01,test,fhs_ewma,4448,0.0612760352787636,0.0654846878336328,0.0253744686710267,0.0,0.0,,0.97,,,,,,,,,,,,
2020-03-31,2020-04-01,test,random_knn,1000,0.0170867777349874,0.0195600048085078,0.0253744686710267,1.0,1.0,,,,,,,,1000.0,,,,,,
2020-03-31,2020-04-01,test,rolling_hs,250,0.0396738266303367,0.0381153028329233,0.0253744686710267,0.0,0.0,250.0,,,,,,,,,,,,,
2020-03-31,2020-04-01,test,rolling_hs,500,0.0250882926499251,0.0283127119803087,0.0253744686710267,1.0,0.0,500.0,,,,,,,,,,,,,
2020-03-31,2020-04-01,test,rolling_hs,1000,0.0170747473227588,0.0222986105977328,0.0253744686710267,1.0,1.0,1000.0,,,,,,,,,,,,,
2020-03-31,2020-04-01,test,topology_knn,1000,0.0296405686417267,0.0297113955102485,0.0253744686710267,0.0,0.0,,,,,,,,1000.0,125.0,portfolio_only,landscape_h1_top3_weighted,3.0,5.0,0.0
2020-03-31,2020-04-01,test,topology_placebo_knn,1000,0.0187637652674986,0.0185384871599998,0.0253744686710267,1.0,1.0,,,,,,,,1000.0,125.0,portfolio_only,landscape_h1_top3_weighted,3.0,5.0,0.0
2020-04-01,2020-04-02,test,euclidean_knn,1000,0.0341392867371722,0.0350124315519062,-0.0139110482948699,0.0,0.0,,,,,,,,1000.0,,,,,,
2020-04-01,2020-04-02,test,fhs_ewma,4449,0.0723685884728529,0.0779437035220718,-0.0139110482948699,0.0,0.0,,0.94,,,,,,,,,,,,
2020-04-01,2020-04-02,test,fhs_ewma,4449,0.0615986206441973,0.0658342635319365,-0.0139110482948699,0.0,0.0,,0.97,,,,,,,,,,,,
2020-04-01,2020-04-02,test,random_knn,1000,0.0179027360400097,0.0191170609625124,-0.0139110482948699,0.0,0.0,,,,,,,,1000.0,,,,,,
2020-04-01,2020-04-02,test,rolling_hs,250,0.0396738266303367,0.0393017276554617,-0.0139110482948699,0.0,0.0,250.0,,,,,,,,,,,,,
2020-04-01,2020-04-02,test,rolling_hs,500,0.0254531315828012,0.0290595673043066,-0.0139110482948699,0.0,0.0,500.0,,,,,,,,,,,,,
2020-04-01,2020-04-02,test,rolling_hs,1000,0.0176067662755749,0.022802765866851,-0.0139110482948699,0.0,0.0,1000.0,,,,,,,,,,,,,
2020-04-01,2020-04-02,test,topology_knn,1000,0.0321230346123515,0.0309259558974,-0.0139110482948699,0.0,0.0,,,,,,,,1000.0,125.0,portfolio_only,landscape_h1_top3_weighted,3.0,5.0,0.0
2020-04-01,2020-04-02,test,topology_placebo_knn,1000,0.0187660305881506,0.0205910793775031,-0.0139110482948699,0.0,0.0,,,,,,,,1000.0,125.0,portfolio_only,landscape_h1_top3_weighted,3.0,5.0,0.0
2020-04-02,2020-04-03,test,euclidean_knn,1000,0.0341392867371722,0.0350124315519062,0.0083771682517551,0.0,0.0,,,,,,,,1000.0,,,,,,
2020-04-02,2020-04-03,test,fhs_ewma,4450,0.0707980581154355,0.0762546007538776,0.0083771682517551,0.0,0.0,,0.94,,,,,,,,,,,,
2020-04-02,2020-04-03,test,fhs_ewma,4450,0.0610404832272219,0.0652425384270977,0.0083771682517551,0.0,0.0,,0.97,,,,,,,,,,,,
2020-04-02,2020-04-03,test,random_knn,1000,0.0166389029459154,0.0202585266271371,0.0083771682517551,0.0,0.0,,,,,,,,1000.0,,,,,,
2020-04-02,2020-04-03,test,rolling_hs,250,0.0396738266303367,0.0393017276554617,0.0083771682517551,0.0,0.0,250.0,,,,,,,,,,,,,
2020-04-02,2020-04-03,test,rolling_hs,500,0.0254531315828012,0.0290595673043066,0.0083771682517551,0.0,0.0,500.0,,,,,,,,,,,,,
2020-04-02,2020-04-03,test,rolling_hs,1000,0.0176067662755749,0.022802765866851,0.0083771682517551,0.0,0.0,1000.0,,,,,,,,,,,,,
2020-04-02,2020-04-03,test,topology_knn,1000,0.0237922166770983,0.0264220555844125,0.0083771682517551,0.0,0.0,,,,,,,,1000.0,125.0,portfolio_only,landscape_h1_top3_weighted,3.0,5.0,0.0
2020-04-02,2020-04-03,test,topology_placebo_knn,1000,0.0166584510882969,0.0224231669556191,0.0083771682517551,0.0,0.0,,,,,,,,1000.0,125.0,portfolio_only,landscape_h1_top3_weighted,3.0,5.0,0.0
2020-04-03,2020-04-06,test,euclidean_knn,1000,0.0341392867371722,0.0350124315519062,-0.0384955920714017,0.0,0.0,,,,,,,,1000.0,,,,,,
2020-04-03,2020-04-06,test,fhs_ewma,4451,0.0688756130184178,0.0741863413636447,-0.0384955920714017,0.0,0.0,,0.94,,,,,,,,,,,,
2020-04-03,2020-04-06,test,fhs_ewma,4451,0.0602518257437948,0.0644043191348591,-0.0384955920714017,0.0,0.0,,0.97,,,,,,,,,,,,
2020-04-03,2020-04-06,test,random_knn,1000,0.0195376376231148,0.0227392592529897,-0.0384955920714017,0.0,0.0,,,,,,,,1000.0,,,,,,
2020-04-03,2020-04-06,test,rolling_hs,250,0.0396738266303367,0.0393017276554617,-0.0384955920714017,0.0,0.0,250.0,,,,,,,,,,,,,
2020-04-03,2020-04-06,test,rolling_hs,500,0.0254531315828012,0.0290595673043066,-0.0384955920714017,0.0,0.0,500.0,,,,,,,,,,,,,
2020-04-03,2020-04-06,test,rolling_hs,1000,0.0176067662755749,0.022802765866851,-0.0384955920714017,0.0,0.0,1000.0,,,,,,,,,,,,,
2020-04-03,2020-04-06,test,topology_knn,1000,0.0237922166770983,0.0264220555844125,-0.0384955920714017,0.0,0.0,,,,,,,,1000.0,125.0,portfolio_only,landscape_h1_top3_weighted,3.0,5.0,0.0
2020-04-03,2020-04-06,test,topology_placebo_knn,1000,0.0190322571247356,0.0220980223304415,-0.0384955920714017,0.0,0.0,,,,,,,,1000.0,125.0,portfolio_only,landscape_h1_top3_weighted,3.0,5.0,0.0
2020-04-06,2020-04-07,test,euclidean_knn,1000,0.0332497130676277,0.0333549569233138,0.0011677121469338,0.0,0.0,,,,,,,,1000.0,,,,,,
2020-04-06,2020-04-07,test,fhs_ewma,4452,0.0717337501956132,0.0772673083055392,0.0011677121469338,0.0,0.0,,0.94,,,,,,,,,,,,
2020-04-06,2020-04-07,test,fhs_ewma,4452,0.0622287666432049,0.0665223943972474,0.0011677121469338,0.0,0.0,,0.97,,,,,,,,,,,,
2020-04-06,2020-04-07,test,random_knn,1000,0.0188079903801889,0.0213009150582409,0.0011677121469338,0.0,0.0,,,,,,,,1000.0,,,,,,
2020-04-06,2020-04-07,test,rolling_hs,250,0.0396738266303367,0.0393017276554617,0.0011677121469338,0.0,0.0,250.0,,,,,,,,,,,,,
2020-04-06,2020-04-07,test,rolling_hs,500,0.0254531315828012,0.0290595673043066,0.0011677121469338,0.0,0.0,500.0,,,,,,,,,,,,,
2020-04-06,2020-04-07,test,rolling_hs,1000,0.0176067662755749,0.022802765866851,0.0011677121469338,0.0,0.0,1000.0,,,,,,,,,,,,,
2020-04-06,2020-04-07,test,topology_knn,1000,0.0233812998285898,0.0256271233741525,0.0011677121469338,0.0,0.0,,,,,,,,1000.0,125.0,portfolio_only,landscape_h1_top3_weighted,3.0,5.0,0.0
2020-04-06,2020-04-07,test,topology_placebo_knn,1000,0.0187991866653622,0.0209529506232402,0.0011677121469338,0.0,0.0,,,,,,,,1000.0,125.0,portfolio_only,landscape_h1_top3_weighted,3.0,5.0,0.0
2020-04-07,2020-04-08,test,euclidean_knn,1000,0.0341392867371722,0.0350124315519062,-0.0196444399148666,0.0,0.0,,,,,,,,1000.0,,,,,,
2020-04-07,2020-04-08,test,fhs_ewma,4453,0.0695507887258262,0.0749183282936915,-0.0196444399148666,0.0,0.0,,0.94,,,,,,,,,,,,
2020-04-07,2020-04-08,test,fhs_ewma,4453,0.0612863646102338,0.0655197813666369,-0.0196444399148666,0.0,0.0,,0.97,,,,,,,,,,,,
2020-04-07,2020-04-08,test,random_knn,1000,0.0167832558647425,0.0198589985186603,-0.0196444399148666,0.0,0.0,,,,,,,,1000.0,,,,,,
2020-04-07,2020-04-08,test,rolling_hs,250,0.0396738266303367,0.0393017276554617,-0.0196444399148666,0.0,0.0,250.0,,,,,,,,,,,,,
2020-04-07,2020-04-08,test,rolling_hs,500,0.0254531315828012,0.0290595673043066,-0.0196444399148666,0.0,0.0,500.0,,,,,,,,,,,,,
2020-04-07,2020-04-08,test,rolling_hs,1000,0.0176067662755749,0.022802765866851,-0.0196444399148666,0.0,0.0,1000.0,,,,,,,,,,,,,
2020-04-07,2020-04-08,test,topology_knn,1000,0.0237922166770983,0.0261693936811482,-0.0196444399148666,0.0,0.0,,,,,,,,1000.0,125.0,portfolio_only,landscape_h1_top3_weighted,3.0,5.0,0.0
2020-04-07,2020-04-08,test,topology_placebo_knn,1000,0.0170427537392816,0.0184371480493047,-0.0196444399148666,0.0,0.0,,,,,,,,1000.0,125.0,portfolio_only,landscape_h1_top3_weighted,3.0,5.0,0.0
2020-04-08,2020-04-09,test,euclidean_knn,1000,0.0332497130676277,0.0325629098027786,-0.0099920986366931,0.0,0.0,,,,,,,,1000.0,,,,,,
2020-04-08,2020-04-09,test,fhs_ewma,4454,0.0687430757518516,0.0740506287368736,-0.0099920986366931,0.0,0.0,,0.94,,,,,,,,,,,,
2020-04-08,2020-04-09,test,fhs_ewma,4454,0.0611091331731872,0.0653351066424582,-0.0099920986366931,0.0,0.0,,0.97,,,,,,,,,,,,
2020-04-08,2020-04-09,test,random_knn,1000,0.016028097579289,0.0187091693733399,-0.0099920986366931,0.0,0.0,,,,,,,,1000.0,,,,,,
2020-04-08,2020-04-09,test,rolling_hs,250,0.0396738266303367,0.0393017276554617,-0.0099920986366931,0.0,0.0,250.0,,,,,,,,,,,,,
2020-04-08,2020-04-09,test,rolling_hs,500,0.0254531315828012,0.0290595673043066,-0.0099920986366931,0.0,0.0,500.0,,,,,,,,,,,,,
2020-04-08,2020-04-09,test,rolling_hs,1000,0.0176067662755749,0.022802765866851,-0.0099920986366931,0.0,0.0,1000.0,,,,,,,,,,,,,
2020-04-08,2020-04-09,test,topology_knn,1000,0.0233812998285898,0.0256271233741525,-0.0099920986366931,0.0,0.0,,,,,,,,1000.0,125.0,portfolio_only,landscape_h1_top3_weighted,3.0,5.0,0.0
2020-04-08,2020-04-09,test,topology_placebo_knn,1000,0.0168032053545179,0.0182737289907278,-0.0099920986366931,0.0,0.0,,,,,,,,1000.0,125.0,portfolio_only,landscape_h1_top3_weighted,3.0,5.0,0.0
2020-04-09,2020-04-13,test,euclidean_knn,1000,0.0233812998285898,0.0243004764341765,0.0063381014160764,0.0,0.0,,,,,,,,1000.0,,,,,,
2020-04-09,2020-04-13,test,fhs_ewma,4455,0.0669929497289985,0.072167666561911,0.0063381014160764,0.0,0.0,,0.94,,,,,,,,,,,,
2020-04-09,2020-04-13,test,fhs_ewma,4455,0.0603774783906914,0.0645575970043072,0.0063381014160764,0.0,0.0,,0.97,,,,,,,,,,,,
2020-04-09,2020-04-13,test,random_knn,1000,0.0198215494239899,0.0223908176900377,0.0063381014160764,0.0,0.0,,,,,,,,1000.0,,,,,,
2020-04-09,2020-04-13,test,rolling_hs,250,0.0396738266303367,0.0393017276554617,0.0063381014160764,0.0,0.0,250.0,,,,,,,,,,,,,
2020-04-09,2020-04-13,test,rolling_hs,500,0.0254531315828012,0.0290595673043066,0.0063381014160764,0.0,0.0,500.0,,,,,,,,,,,,,
2020-04-09,2020-04-13,test,rolling_hs,1000,0.0176067662755749,0.022802765866851,0.0063381014160764,0.0,0.0,1000.0,,,,,,,,,,,,,
2020-04-09,2020-04-13,test,topology_knn,1000,0.0233812998285898,0.0256271233741525,0.0063381014160764,0.0,0.0,,,,,,,,1000.0,125.0,portfolio_only,landscape_h1_top3_weighted,3.0,5.0,0.0
2020-04-09,2020-04-13,test,topology_placebo_knn,1000,0.0179001271656334,0.0189898320024934,0.0063381014160764,0.0,0.0,,,,,,,,1000.0,125.0,portfolio_only,landscape_h1_top3_weighted,3.0,5.0,0.0
2020-04-13,2020-04-14,test,euclidean_knn,1000,0.0239390664459061,0.026773924667186,-0.018226241642401,0.0,0.0,,,,,,,,1000.0,,,,,,
2020-04-13,2020-04-14,test,fhs_ewma,4456,0.0650931431335965,0.0701233375379895,-0.018226241642401,0.0,0.0,,0.94,,,,,,,,,,,,
2020-04-13,2020-04-14,test,fhs_ewma,4456,0.0595405886531604,0.0636674441562227,-0.018226241642401,0.0,0.0,,0.97,,,,,,,,,,,,
2020-04-13,2020-04-14,test,random_knn,1000,0.0166825862495388,0.0187467515746222,-0.018226241642401,0.0,0.0,,,,,,,,1000.0,,,,,,
2020-04-13,2020-04-14,test,rolling_hs,250,0.0396738266303367,0.0393017276554617,-0.018226241642401,0.0,0.0,250.0,,,,,,,,,,,,,
2020-04-13,2020-04-14,test,rolling_hs,500,0.0254531315828012,0.0290595673043066,-0.018226241642401,0.0,0.0,500.0,,,,,,,,,,,,,
2020-04-13,2020-04-14,test,rolling_hs,1000,0.0176067662755749,0.022802765866851,-0.018226241642401,0.0,0.0,1000.0,,,,,,,,,,,,,
2020-04-13,2020-04-14,test,topology_knn,1000,0.0233812998285898,0.0256271233741525,-0.018226241642401,0.0,0.0,,,,,,,,1000.0,125.0,portfolio_only,landscape_h1_top3_weighted,3.0,5.0,0.0
2020-04-13,2020-04-14,test,topology_placebo_knn,1000,0.0160308792036913,0.0193255492967171,-0.018226241642401,0.0,0.0,,,,,,,,1000.0,125.0,portfolio_only,landscape_h1_top3_weighted,3.0,5.0,0.0
2020-04-14,2020-04-15,test,euclidean_knn,1000,0.0175977025748996,0.018387475045068,0.0091744502962336,0.0,0.0,,,,,,,,1000.0,,,,,,
2020-04-14,2020-04-15,test,fhs_ewma,4457,0.0643159832825339,0.0692883185718594,0.0091744502962336,0.0,0.0,,0.94,,,,,,,,,,,,
2020-04-14,2020-04-15,test,fhs_ewma,4457,0.0593040886773285,0.0634192114275389,0.0091744502962336,0.0,0.0,,0.97,,,,,,,,,,,,
2020-04-14,2020-04-15,test,random_knn,1000,0.0141883023388664,0.0175526944552571,0.0091744502962336,0.0,0.0,,,,,,,,1000.0,,,,,,
2020-04-14,2020-04-15,test,rolling_hs,250,0.0396738266303367,0.0393017276554617,0.0091744502962336,0.0,0.0,250.0,,,,,,,,,,,,,
2020-04-14,2020-04-15,test,rolling_hs,500,0.0254531315828012,0.0290595673043066,0.0091744502962336,0.0,0.0,500.0,,,,,,,,,,,,,
2020-04-14,2020-04-15,test,rolling_hs,1000,0.0176067662755749,0.022802765866851,0.0091744502962336,0.0,0.0,1000.0,,,,,,,,,,,,,
2020-04-14,2020-04-15,test,topology_knn,1000,0.0233812998285898,0.0256271233741525,0.0091744502962336,0.0,0.0,,,,,,,,1000.0,125.0,portfolio_only,landscape_h1_top3_weighted,3.0,5.0,0.0
2020-04-14,2020-04-15,test,topology_placebo_knn,1000,0.0166389029459154,0.020996901905149,0.0091744502962336,0.0,0.0,,,,,,,,1000.0,125.0,portfolio_only,landscape_h1_top3_weighted,3.0,5.0,0.0
2020-04-15,2020-04-16,test,euclidean_knn,1000,0.0221300112171765,0.0224108815092882,-0.0033212417571667,0.0,0.0,,,,,,,,1000.0,,,,,,
2020-04-15,2020-04-16,test,fhs_ewma,4458,0.0626665820634814,0.0675135415860127,-0.0033212417571667,0.0,0.0,,0.94,,,,,,,,,,,,
2020-04-15,2020-04-16,test,fhs_ewma,4458,0.0585740136172769,0.0626430790731223,-0.0033212417571667,0.0,0.0,,0.97,,,,,,,,,,,,
2020-04-15,2020-04-16,test,random_knn,1000,0.0198296548937846,0.0225493017603169,-0.0033212417571667,0.0,0.0,,,,,,,,1000.0,,,,,,
2020-04-15,2020-04-16,test,rolling_hs,250,0.0396738266303367,0.0393017276554617,-0.0033212417571667,0.0,0.0,250.0,,,,,,,,,,,,,
2020-04-15,2020-04-16,test,rolling_hs,500,0.0254531315828012,0.0290595673043066,-0.0033212417571667,0.0,0.0,500.0,,,,,,,,,,,,,
2020-04-15,2020-04-16,test,rolling_hs,1000,0.0176067662755749,0.022802765866851,-0.0033212417571667,0.0,0.0,1000.0,,,,,,,,,,,,,
2020-04-15,2020-04-16,test,topology_knn,1000,0.0233812998285898,0.0256271233741525,-0.0033212417571667,0.0,0.0,,,,,,,,1000.0,125.0,portfolio_only,landscape_h1_top3_weighted,3.0,5.0,0.0
2020-04-15,2020-04-16,test,topology_placebo_knn,1000,0.0195270892138294,0.0214736318562502,-0.0033212417571667,0.0,0.0,,,,,,,,1000.0,125.0,portfolio_only,landscape_h1_top3_weighted,3.0,5.0,0.0
2020-04-16,2020-04-17,test,euclidean_knn,1000,0.0167832558647425,0.0173280011420098,-0.0151605464667928,0.0,0.0,,,,,,,,1000.0,,,,,,
2020-04-16,2020-04-17,test,fhs_ewma,4459,0.0607976170202745,0.0655020984859969,-0.0151605464667928,0.0,0.0,,0.94,,,,,,,,,,,,
2020-04-16,2020-04-17,test,fhs_ewma,4459,0.0577071288789737,0.0617205082154988,-0.0151605464667928,0.0,0.0,,0.97,,,,,,,,,,,,
2020-04-16,2020-04-17,test,random_knn,1000,0.0211023398018361,0.0214037450321419,-0.0151605464667928,0.0,0.0,,,,,,,,1000.0,,,,,,
2020-04-16,2020-04-17,test,rolling_hs,250,0.0396738266303367,0.0393017276554617,-0.0151605464667928,0.0,0.0,250.0,,,,,,,,,,,,,
2020-04-16,2020-04-17,test,rolling_hs,500,0.0254531315828012,0.0290595673043066,-0.0151605464667928,0.0,0.0,500.0,,,,,,,,,,,,,
2020-04-16,2020-04-17,test,rolling_hs,1000,0.0176067662755749,0.022802765866851,-0.0151605464667928,0.0,0.0,1000.0,,,,,,,,,,,,,
2020-04-16,2020-04-17,test,topology_knn,1000,0.0233812998285898,0.0256271233741525,-0.0151605464667928,0.0,0.0,,,,,,,,1000.0,125.0,portfolio_only,landscape_h1_top3_weighted,3.0,5.0,0.0
2020-04-16,2020-04-17,test,topology_placebo_knn,1000,0.0187637652674986,0.019434888477384,-0.0151605464667928,0.0,0.0,,,,,,,,1000.0,125.0,portfolio_only,landscape_h1_top3_weighted,3.0,5.0,0.0
2020-04-17,2020-04-20,test,euclidean_knn,1000,0.0166362164167111,0.0171680221775199,0.0095195078393462,0.0,0.0,,,,,,,,1000.0,,,,,,
2020-04-17,2020-04-20,test,fhs_ewma,4460,0.059839916702132,0.0644723367477821,0.0095195078393462,0.0,0.0,,0.94,,,,,,,,,,,,
2020-04-17,2020-04-20,test,fhs_ewma,4460,0.0573079173225756,0.0612980371391613,0.0095195078393462,0.0,0.0,,0.97,,,,,,,,,,,,
2020-04-17,2020-04-20,test,random_knn,1000,0.0152415043906465,0.0167122377470136,0.0095195078393462,0.0,0.0,,,,,,,,1000.0,,,,,,
2020-04-17,2020-04-20,test,rolling_hs,250,0.0396738266303367,0.0393017276554617,0.0095195078393462,0.0,0.0,250.0,,,,,,,,,,,,,
2020-04-17,2020-04-20,test,rolling_hs,500,0.0254531315828012,0.0290595673043066,0.0095195078393462,0.0,0.0,500.0,,,,,,,,,,,,,
2020-04-17,2020-04-20,test,rolling_hs,1000,0.0176067662755749,0.022802765866851,0.0095195078393462,0.0,0.0,1000.0,,,,,,,,,,,,,
2020-04-17,2020-04-20,test,topology_knn,1000,0.0233812998285898,0.0256271233741525,0.0095195078393462,0.0,0.0,,,,,,,,1000.0,125.0,portfolio_only,landscape_h1_top3_weighted,3.0,5.0,0.0
2020-04-17,2020-04-20,test,topology_placebo_knn,1000,0.0192518898557863,0.0230914282559778,0.0095195078393462,0.0,0.0,,,,,,,,1000.0,125.0,portfolio_only,landscape_h1_top3_weighted,3.0,5.0,0.0
2020-04-20,2020-04-21,test,euclidean_knn,1000,0.0166362164167111,0.0172394821920822,0.0171036240843938,1.0,0.0,,,,,,,,1000.0,,,,,,
2020-04-20,2020-04-21,test,fhs_ewma,4461,0.0583757459801787,0.0628968143038587,0.0171036240843938,0.0,0.0,,0.94,,,,,,,,,,,,
2020-04-20,2020-04-21,test,fhs_ewma,4461,0.0566274968500485,0.0605746934923275,0.0171036240843938,0.0,0.0,,0.97,,,,,,,,,,,,
2020-04-20,2020-04-21,test,random_knn,1000,0.0221552604186432,0.0237029688292783,0.0171036240843938,0.0,0.0,,,,,,,,1000.0,,,,,,
2020-04-20,2020-04-21,test,rolling_hs,250,0.0396738266303367,0.0393017276554617,0.0171036240843938,0.0,0.0,250.0,,,,,,,,,,,,,
2020-04-20,2020-04-21,test,rolling_hs,500,0.0254531315828012,0.0290595673043066,0.0171036240843938,0.0,0.0,500.0,,,,,,,,,,,,,
2020-04-20,2020-04-21,test,rolling_hs,1000,0.0176067662755749,0.022802765866851,0.0171036240843938,0.0,0.0,1000.0,,,,,,,,,,,,,
2020-04-20,2020-04-21,test,topology_knn,1000,0.0233812998285898,0.0256271233741525,0.0171036240843938,0.0,0.0,,,,,,,,1000.0,125.0,portfolio_only,landscape_h1_top3_weighted,3.0,5.0,0.0
2020-04-20,2020-04-21,test,topology_placebo_knn,1000,0.0189395907433321,0.0204816412206865,0.0171036240843938,0.0,0.0,,,,,,,,1000.0,125.0,portfolio_only,landscape_h1_top3_weighted,3.0,5.0,0.0
2020-04-21,2020-04-22,test,euclidean_knn,1000,0.0170698362049693,0.0174879854722417,-0.0120747468732079,0.0,0.0,,,,,,,,1000.0,,,,,,
2020-04-21,2020-04-22,test,fhs_ewma,4462,0.057780190156812,0.0622571087369089,-0.0120747468732079,0.0,0.0,,0.94,,,,,,,,,,,,
2020-04-21,2020-04-22,test,fhs_ewma,4462,0.0563854030389955,0.0603201580169149,-0.0120747468732079,0.0,0.0,,0.97,,,,,,,,,,,,
2020-04-21,2020-04-22,test,random_knn,1000,0.0200842980835321,0.0229473254541727,-0.0120747468732079,0.0,0.0,,,,,,,,1000.0,,,,,,
2020-04-21,2020-04-22,test,rolling_hs,250,0.0396738266303367,0.0393017276554617,-0.0120747468732079,0.0,0.0,250.0,,,,,,,,,,,,,
2020-04-21,2020-04-22,test,rolling_hs,500,0.0254531315828012,0.0291423651341177,-0.0120747468732079,0.0,0.0,500.0,,,,,,,,,,,,,
2020-04-21,2020-04-22,test,rolling_hs,1000,0.0176067662755749,0.0229636843610841,-0.0120747468732079,0.0,0.0,1000.0,,,,,,,,,,,,,
2020-04-21,2020-04-22,test,topology_knn,1000,0.0230168005171037,0.0252962895906872,-0.0120747468732079,0.0,0.0,,,,,,,,1000.0,125.0,portfolio_only,landscape_h1_top3_weighted,3.0,5.0,0.0
2020-04-21,2020-04-22,test,topology_placebo_knn,1000,0.0161266100940042,0.0195638725063848,-0.0120747468732079,0.0,0.0,,,,,,,,1000.0,125.0,portfolio_only,landscape_h1_top3_weighted,3.0,5.0,0.0
2020-04-22,2020-04-23,test,euclidean_knn,1000,0.0175977025748996,0.0178875040526169,-0.0002193017086487,0.0,0.0,,,,,,,,1000.0,,,,,,
2020-04-22,2020-04-23,test,fhs_ewma,4463,0.0566176848228738,0.0610064653766491,-0.0002193017086487,0.0,0.0,,0.94,,,,,,,,,,,,
2020-04-22,2020-04-23,test,fhs_ewma,4463,0.0558391793849284,0.0597402082016169,-0.0002193017086487,0.0,0.0,,0.97,,,,,,,,,,,,
2020-04-22,2020-04-23,test,random_knn,1000,0.0176403201590047,0.0223216638701556,-0.0002193017086487,0.0,0.0,,,,,,,,1000.0,,,,,,
2020-04-22,2020-04-23,test,rolling_hs,250,0.0396738266303367,0.0393017276554617,-0.0002193017086487,0.0,0.0,250.0,,,,,,,,,,,,,
2020-04-22,2020-04-23,test,rolling_hs,500,0.0254531315828012,0.0291423651341177,-0.0002193017086487,0.0,0.0,500.0,,,,,,,,,,,,,
2020-04-22,2020-04-23,test,rolling_hs,1000,0.0176067662755749,0.0229636843610841,-0.0002193017086487,0.0,0.0,1000.0,,,,,,,,,,,,,
2020-04-22,2020-04-23,test,topology_knn,1000,0.0230168005171037,0.0252962895906872,-0.0002193017086487,0.0,0.0,,,,,,,,1000.0,125.0,portfolio_only,landscape_h1_top3_weighted,3.0,5.0,0.0
2020-04-22,2020-04-23,test,topology_placebo_knn,1000,0.0176067662755749,0.0201894782805289,-0.0002193017086487,0.0,0.0,,,,,,,,1000.0,125.0,portfolio_only,landscape_h1_top3_weighted,3.0,5.0,0.0
2020-04-23,2020-04-24,test,euclidean_knn,1000,0.0175977025748996,0.0180428638121616,-0.0084613748802462,0.0,0.0,,,,,,,,1000.0,,,,,,
2020-04-23,2020-04-24,test,fhs_ewma,4464,0.0548913437064171,0.0591481812820859,-0.0084613748802462,0.0,0.0,,0.94,,,,,,,,,,,,
2020-04-23,2020-04-24,test,fhs_ewma,4464,0.0549912746991784,0.0588373923615371,-0.0084613748802462,0.0,0.0,,0.97,,,,,,,,,,,,
2020-04-23,2020-04-24,test,random_knn,1000,0.0149010192808753,0.0175998710294509,-0.0084613748802462,0.0,0.0,,,,,,,,1000.0,,,,,,
2020-04-23,2020-04-24,test,rolling_hs,250,0.0396738266303367,0.0393017276554617,-0.0084613748802462,0.0,0.0,250.0,,,,,,,,,,,,,
2020-04-23,2020-04-24,test,rolling_hs,500,0.0254531315828012,0.0291423651341177,-0.0084613748802462,0.0,0.0,500.0,,,,,,,,,,,,,
2020-04-23,2020-04-24,test,rolling_hs,1000,0.0176067662755749,0.0229636843610841,-0.0084613748802462,0.0,0.0,1000.0,,,,,,,,,,,,,
2020-04-23,2020-04-24,test,topology_knn,1000,0.0230168005171037,0.0252962895906872,-0.0084613748802462,0.0,0.0,,,,,,,,1000.0,125.0,portfolio_only,landscape_h1_top3_weighted,3.0,5.0,0.0
2020-04-23,2020-04-24,test,topology_placebo_knn,1000,0.0187710288920808,0.0208133399573595,-0.0084613748802462,0.0,0.0,,,,,,,,1000.0,125.0,portfolio_only,landscape_h1_top3_weighted,3.0,5.0,0.0
2020-04-24,2020-04-27,test,euclidean_knn,1000,0.0170698362049693,0.017748329167242,-0.0065222984148477,0.0,0.0,,,,,,,,1000.0,,,,,,
2020-04-24,2020-04-27,test,fhs_ewma,4465,0.0535280281281007,0.0576809699584459,-0.0065222984148477,0.0,0.0,,0.94,,,,,,,,,,,,
2020-04-24,2020-04-27,test,fhs_ewma,4465,0.0543124321203207,0.0581153434679289,-0.0065222984148477,0.0,0.0,,0.97,,,,,,,,,,,,
2020-04-24,2020-04-27,test,random_knn,1000,0.0176169795695578,0.0202210323952855,-0.0065222984148477,0.0,0.0,,,,,,,,1000.0,,,,,,
2020-04-24,2020-04-27,test,rolling_hs,250,0.0396738266303367,0.0393017276554617,-0.0065222984148477,0.0,0.0,250.0,,,,,,,,,,,,,
2020-04-24,2020-04-27,test,rolling_hs,500,0.0254531315828012,0.0291423651341177,-0.0065222984148477,0.0,0.0,500.0,,,,,,,,,,,,,
2020-04-24,2020-04-27,test,rolling_hs,1000,0.0176067662755749,0.0229636843610841,-0.0065222984148477,0.0,0.0,1000.0,,,,,,,,,,,,,
2020-04-24,2020-04-27,test,topology_knn,1000,0.0230168005171037,0.0252962895906872,-0.0065222984148477,0.0,0.0,,,,,,,,1000.0,125.0,portfolio_only,landscape_h1_top3_weighted,3.0,5.0,0.0
2020-04-24,2020-04-27,test,topology_placebo_knn,1000,0.0190293074553349,0.0204258132602073,-0.0065222984148477,0.0,0.0,,,,,,,,1000.0,125.0,portfolio_only,landscape_h1_top3_weighted,3.0,5.0,0.0
2020-04-27,2020-04-28,test,euclidean_knn,1000,0.0158379785006201,0.0161476732823451,0.0010139345001017,0.0,0.0,,,,,,,,1000.0,,,,,,
2020-04-27,2020-04-28,test,fhs_ewma,4466,0.0520851404890122,0.0561279172105348,0.0010139345001017,0.0,0.0,,0.94,,,,,,,,,,,,
2020-04-27,2020-04-28,test,fhs_ewma,4466,0.0535816734328629,0.0573376330818437,0.0010139345001017,0.0,0.0,,0.97,,,,,,,,,,,,
2020-04-27,2020-04-28,test,random_knn,1000,0.0170427537392816,0.0212445403224494,0.0010139345001017,0.0,0.0,,,,,,,,1000.0,,,,,,
2020-04-27,2020-04-28,test,rolling_hs,250,0.0396738266303367,0.0393017276554617,0.0010139345001017,0.0,0.0,250.0,,,,,,,,,,,,,
2020-04-27,2020-04-28,test,rolling_hs,500,0.0254531315828012,0.0291423651341177,0.0010139345001017,0.0,0.0,500.0,,,,,,,,,,,,,
2020-04-27,2020-04-28,test,rolling_hs,1000,0.0176067662755749,0.0229636843610841,0.0010139345001017,0.0,0.0,1000.0,,,,,,,,,,,,,
2020-04-27,2020-04-28,test,topology_knn,1000,0.0230168005171037,0.0252962895906872,0.0010139345001017,0.0,0.0,,,,,,,,1000.0,125.0,portfolio_only,landscape_h1_top3_weighted,3.0,5.0,0.0
2020-04-27,2020-04-28,test,topology_placebo_knn,1000,0.0202326768451116,0.0198067872412708,0.0010139345001017,0.0,0.0,,,,,,,,1000.0,125.0,portfolio_only,landscape_h1_top3_weighted,3.0,5.0,0.0
2020-04-28,2020-04-29,test,euclidean_knn,1000,0.016059282341208,0.0168090895805796,-0.0155103412766371,0.0,0.0,,,,,,,,1000.0,,,,,,
2020-04-28,2020-04-29,test,fhs_ewma,4467,0.0505015282981446,0.0544231137149671,-0.0155103412766371,0.0,0.0,,0.94,,,,,,,,,,,,
2020-04-28,2020-04-29,test,fhs_ewma,4467,0.0527702540759668,0.0564734871706584,-0.0155103412766371,0.0,0.0,,0.97,,,,,,,,,,,,
2020-04-28,2020-04-29,test,random_knn,1000,0.0246094699693987,0.025730087695202,-0.0155103412766371,0.0,0.0,,,,,,,,1000.0,,,,,,
2020-04-28,2020-04-29,test,rolling_hs,250,0.0396738266303367,0.0393017276554617,-0.0155103412766371,0.0,0.0,250.0,,,,,,,,,,,,,
2020-04-28,2020-04-29,test,rolling_hs,500,0.0254531315828012,0.0291423651341177,-0.0155103412766371,0.0,0.0,500.0,,,,,,,,,,,,,
2020-04-28,2020-04-29,test,rolling_hs,1000,0.0176067662755749,0.0229636843610841,-0.0155103412766371,0.0,0.0,1000.0,,,,,,,,,,,,,
2020-04-28,2020-04-29,test,topology_knn,1000,0.0230168005171037,0.0254467037678126,-0.0155103412766371,0.0,0.0,,,,,,,,1000.0,125.0,portfolio_only,landscape_h1_top3_weighted,3.0,5.0,0.0
2020-04-28,2020-04-29,test,topology_placebo_knn,1000,0.0166389029459154,0.0203883754265562,-0.0155103412766371,0.0,0.0,,,,,,,,1000.0,125.0,portfolio_only,landscape_h1_top3_weighted,3.0,5.0,0.0
2020-04-29,2020-04-30,test,euclidean_knn,1000,0.0156782185388887,0.0158319200397924,0.0065376736428446,0.0,0.0,,,,,,,,1000.0,,,,,,
2020-04-29,2020-04-30,test,fhs_ewma,4468,0.0500860048867338,0.0539770361356021,0.0065376736428446,0.0,0.0,,0.94,,,,,,,,,,,,
2020-04-29,2020-04-30,test,fhs_ewma,4468,0.0525138027536069,0.0562031716056115,0.0065376736428446,0.0,0.0,,0.97,,,,,,,,,,,,
2020-04-29,2020-04-30,test,random_knn,1000,0.016059282341208,0.0180652551459339,0.0065376736428446,0.0,0.0,,,,,,,,1000.0,,,,,,
2020-04-29,2020-04-30,test,rolling_hs,250,0.0396738266303367,0.0393017276554617,0.0065376736428446,0.0,0.0,250.0,,,,,,,,,,,,,
2020-04-29,2020-04-30,test,rolling_hs,500,0.0254531315828012,0.0291423651341177,0.0065376736428446,0.0,0.0,500.0,,,,,,,,,,,,,
2020-04-29,2020-04-30,test,rolling_hs,1000,0.0176067662755749,0.0229636843610841,0.0065376736428446,0.0,0.0,1000.0,,,,,,,,,,,,,
2020-04-29,2020-04-30,test,topology_knn,1000,0.0228152270137982,0.0247976624828843,0.0065376736428446,0.0,0.0,,,,,,,,1000.0,125.0,portfolio_only,landscape_h1_top3_weighted,3.0,5.0,0.0
2020-04-29,2020-04-30,test,topology_placebo_knn,1000,0.0175977025748996,0.0197992624262611,0.0065376736428446,0.0,0.0,,,,,,,,1000.0,125.0,portfolio_only,landscape_h1_top3_weighted,3.0,5.0,0.0
