model_label,forecast_date,realized_date,split,method,scenario_count,VaR_99,ES_975,realized_loss,var_exceedance_99,es_exceedance_975,window,lambda,regime_bins,dist,sim_draws,nu,refit_interval,k,window_length,topology_input_mode,feature_mode,tau,embedding_dimension,alpha
w-Topology,2020-02-14,2020-02-18,test,topology_knn,1000,0.0161132827525517,0.0165142617358835,0.0009105628350296,0.0,0.0,,,,,,,,1000.0,125.0,portfolio_only,landscape_h1_top3_weighted,3.0,5.0,0.0
w-Topology,2020-02-18,2020-02-19,test,topology_knn,1000,0.0155453584599745,0.0158328021285817,-0.0027981347088183,0.0,0.0,,,,,,,,1000.0,125.0,portfolio_only,landscape_h1_top3_weighted,3.0,5.0,0.0
w-Topology,2020-02-19,2020-02-20,test,topology_knn,1000,0.0155453584599745,0.0155058358185693,0.0013015555552228,0.0,0.0,,,,,,,,1000.0,125.0,portfolio_only,landscape_h1_top3_weighted,3.0,5.0,0.0
w-Topology,2020-02-20,2020-02-21,test,topology_knn,1000,0.0155453584599745,0.0155058358185693,0.0045620383102443,0.0,0.0,,,,,,,,1000.0,125.0,portfolio_only,landscape_h1_top3_weighted,3.0,5.0,0.0
w-Topology,2020-02-21,2020-02-24,test,topology_knn,1000,0.016028097579289,0.0159124720175672,0.0167830782270852,1.0,1.0,,,,,,,,1000.0,125.0,portfolio_only,landscape_h1_top3_weighted,3.0,5.0,0.0
w-Topology,2020-02-24,2020-02-25,test,topology_knn,1000,0.0162672124831832,0.0165808125032802,0.0170694949132579,1.0,1.0,,,,,,,,1000.0,125.0,portfolio_only,landscape_h1_top3_weighted,3.0,5.0,0.0
w-Topology,2020-02-25,2020-02-26,test,topology_knn,1000,0.0192478189269851,0.0199572449887331,0.0024148321694126,0.0,0.0,,,,,,,,1000.0,125.0,portfolio_only,landscape_h1_top3_weighted,3.0,5.0,0.0
w-Topology,2020-02-26,2020-02-27,test,topology_knn,1000,0.0198231774133005,0.0206274805130103,0.0250059444964043,1.0,1.0,,,,,,,,1000.0,125.0,portfolio_only,landscape_h1_top3_weighted,3.0,5.0,0.0
w-Topology,2020-02-27,2020-02-28,test,topology_knn,1000,0.0221300112171765,0.0243830629021941,-0.0019630507276869,0.0,0.0,,,,,,,,1000.0,125.0,portfolio_only,landscape_h1_top3_weighted,3.0,5.0,0.0
w-Topology,2020-02-28,2020-03-02,test,topology_knn,1000,0.0221300112171765,0.0246325935889885,-0.0257107581984922,0.0,0.0,,,,,,,,1000.0,125.0,portfolio_only,landscape_h1_top3_weighted,3.0,5.0,0.0
w-Topology,2020-03-02,2020-03-03,test,topology_knn,1000,0.0247106912600651,0.0269953457065303,0.0125315701382175,0.0,0.0,,,,,,,,1000.0,125.0,portfolio_only,landscape_h1_top3_weighted,3.0,5.0,0.0
w-Topology,2020-03-03,2020-03-04,test,topology_knn,1000,0.0250157588553164,0.0272772915219616,-0.0243416063243185,0.0,0.0,,,,,,,,1000.0,125.0,portfolio_only,landscape_h1_top3_weighted,3.0,5.0,0.0
w-Topology,2020-03-04,2020-03-05,test,topology_knn,1000,0.0273431184276815,0.0295921087710731,0.0163899429810092,0.0,0.0,,,,,,,,1000.0,125.0,portfolio_only,landscape_h1_top3_weighted,3.0,5.0,0.0
w-Topology,2020-03-05,2020-03-06,test,topology_knn,1000,0.0296405686417267,0.030157004738073,0.0058578130323741,0.0,0.0,,,,,,,,1000.0,125.0,portfolio_only,landscape_h1_top3_weighted,3.0,5.0,0.0
w-Topology,2020-03-06,2020-03-09,test,topology_knn,1000,0.0296405686417267,0.0300654994056413,0.0432688598961454,1.0,1.0,,,,,,,,1000.0,125.0,portfolio_only,landscape_h1_top3_weighted,3.0,5.0,0.0
w-Topology,2020-03-09,2020-03-10,test,topology_knn,1000,0.0296405686417267,0.0304879052703972,-0.0237043058197012,0.0,0.0,,,,,,,,1000.0,125.0,portfolio_only,landscape_h1_top3_weighted,3.0,5.0,0.0
w-Topology,2020-03-10,2020-03-11,test,topology_knn,1000,0.0296405686417267,0.0304879052703972,0.0332407598484882,1.0,1.0,,,,,,,,1000.0,125.0,portfolio_only,landscape_h1_top3_weighted,3.0,5.0,0.0
w-Topology,2020-03-11,2020-03-12,test,topology_knn,1000,0.0321230346123515,0.0310603204131192,0.0572026605223046,1.0,1.0,,,,,,,,1000.0,125.0,portfolio_only,landscape_h1_top3_weighted,3.0,5.0,0.0
w-Topology,2020-03-12,2020-03-13,test,topology_knn,1000,0.0322890234705474,0.0320650291822898,-0.0486838813784641,0.0,0.0,,,,,,,,1000.0,125.0,portfolio_only,landscape_h1_top3_weighted,3.0,5.0,0.0
w-Topology,2020-03-13,2020-03-16,test,topology_knn,1000,0.0322890234705474,0.0320650291822898,0.055087342841,1.0,1.0,,,,,,,,1000.0,125.0,portfolio_only,landscape_h1_top3_weighted,3.0,5.0,0.0
w-Topology,2020-03-16,2020-03-17,test,topology_knn,1000,0.0321230346123515,0.0315117778680637,-0.0223660922788124,0.0,0.0,,,,,,,,1000.0,125.0,portfolio_only,landscape_h1_top3_weighted,3.0,5.0,0.0
w-Topology,2020-03-17,2020-03-18,test,topology_knn,1000,0.0321230346123515,0.0315117778680637,0.0359320573128624,1.0,1.0,,,,,,,,1000.0,125.0,portfolio_only,landscape_h1_top3_weighted,3.0,5.0,0.0
w-Topology,2020-03-18,2020-03-19,test,topology_knn,1000,0.0321230346123515,0.0310397661496529,-0.0025875833281558,0.0,0.0,,,,,,,,1000.0,125.0,portfolio_only,landscape_h1_top3_weighted,3.0,5.0,0.0
w-Topology,2020-03-19,2020-03-20,test,topology_knn,1000,0.0322890234705474,0.0320880683736126,0.015665349459054,0.0,0.0,,,,,,,,1000.0,125.0,portfolio_only,landscape_h1_top3_weighted,3.0,5.0,0.0
w-Topology,2020-03-20,2020-03-23,test,topology_knn,1000,0.0321230346123515,0.031039766149653,0.0106071398530281,0.0,0.0,,,,,,,,1000.0,125.0,portfolio_only,landscape_h1_top3_weighted,3.0,5.0,0.0
w-Topology,2020-03-23,2020-03-24,test,topology_knn,1000,0.0321230346123515,0.031039766149653,-0.0516412427199263,0.0,0.0,,,,,,,,1000.0,125.0,portfolio_only,landscape_h1_top3_weighted,3.0,5.0,0.0
w-Topology,2020-03-24,2020-03-25,test,topology_knn,1000,0.0296405686417267,0.0297488015437671,-0.0092158637936721,0.0,0.0,,,,,,,,1000.0,125.0,portfolio_only,landscape_h1_top3_weighted,3.0,5.0,0.0
w-Topology,2020-03-25,2020-03-26,test,topology_knn,1000,0.0321230346123515,0.0307719689375245,-0.0360023043937831,0.0,0.0,,,,,,,,1000.0,125.0,portfolio_only,landscape_h1_top3_weighted,3.0,5.0,0.0
w-Topology,2020-03-26,2020-03-27,test,topology_knn,1000,0.0321230346123515,0.0307719689375245,0.0149069029130831,0.0,0.0,,,,,,,,1000.0,125.0,portfolio_only,landscape_h1_top3_weighted,3.0,5.0,0.0
w-Topology,2020-03-27,2020-03-30,test,topology_knn,1000,0.0296405686417267,0.0297113955102485,-0.0204112234647108,0.0,0.0,,,,,,,,1000.0,125.0,portfolio_only,landscape_h1_top3_weighted,3.0,5.0,0.0
w-Topology,2020-03-30,2020-03-31,test,topology_knn,1000,0.0296405686417267,0.0297113955102485,0.0082176592938703,0.0,0.0,,,,,,,,1000.0,125.0,portfolio_only,landscape_h1_top3_weighted,3.0,5.0,0.0
w-Topology,2020-03-31,2020-04-01,test,topology_knn,1000,0.0296405686417267,0.0297113955102485,0.0253744686710267,0.0,0.0,,,,,,,,1000.0,125.0,portfolio_only,landscape_h1_top3_weighted,3.0,5.0,0.0
w-Topology,2020-04-01,2020-04-02,test,topology_knn,1000,0.0321230346123515,0.0309259558974,-0.0139110482948699,0.0,0.0,,,,,,,,1000.0,125.0,portfolio_only,landscape_h1_top3_weighted,3.0,5.0,0.0
w-Topology,2020-04-02,2020-04-03,test,topology_knn,1000,0.0237922166770983,0.0264220555844125,0.0083771682517551,0.0,0.0,,,,,,,,1000.0,125.0,portfolio_only,landscape_h1_top3_weighted,3.0,5.0,0.0
w-Topology,2020-04-03,2020-04-06,test,topology_knn,1000,0.0237922166770983,0.0264220555844125,-0.0384955920714017,0.0,0.0,,,,,,,,1000.0,125.0,portfolio_only,landscape_h1_top3_weighted,3.0,5.0,0.0
w-Topology,2020-04-06,2020-04-07,test,topology_knn,1000,0.0233812998285898,0.0256271233741525,0.0011677121469338,0.0,0.0,,,,,,,,1000.0,125.0,portfolio_only,landscape_h1_top3_weighted,3.0,5.0,0.0
w-Topology,2020-04-07,2020-04-08,test,topology_knn,1000,0.0237922166770983,0.0261693936811482,-0.0196444399148666,0.0,0.0,,,,,,,,1000.0,125.0,portfolio_only,landscape_h1_top3_weighted,3.0,5.0,0.0
w-Topology,2020-04-08,2020-04-09,test,topology_knn,1000,0.0233812998285898,0.0256271233741525,-0.0099920986366931,0.0,0.0,,,,,,,,1000.0,125.0,portfolio_only,landscape_h1_top3_weighted,3.0,5.0,0.0
w-Topology,2020-04-09,2020-04-13,test,topology_knn,1000,0.0233812998285898,0.0256271233741525,0.0063381014160764,0.0,0.0,,,,,,,,1000.0,125.0,portfolio_only,landscape_h1_top3_weighted,3.0,5.0,0.0
w-Topology,2020-04-13,2020-04-14,test,topology_knn,1000,0.0233812998285898,0.0256271233741525,-0.018226241642401,0.0,0.0,,,,,,,,1000.0,125.0,portfolio_only,landscape_h1_top3_weighted,3.0,5.0,0.0
w-Topology,2020-04-14,2020-04-15,test,topology_knn,1000,0.0233812998285898,0.0256271233741525,0.0091744502962336,0.0,0.0,,,,,,,,1000.0,125.0,portfolio_only,landscape_h1_top3_weighted,3.0,5.0,0.0
w-Topology,2020-04-15,2020-04-16,test,topology_knn,1000,0.0233812998285898,0.0256271233741525,-0.0033212417571667,0.0,0.0,,,,,,,,1000.0,125.0,portfolio_only,landscape_h1_top3_weighted,3.0,5.0,0.0
w-Topology,2020-04-16,2020-04-17,test,topology_knn,1000,0.0233812998285898,0.0256271233741525,-0.0151605464667928,0.0,0.0,,,,,,,,1000.0,125.0,portfolio_only,landscape_h1_top3_weighted,3.0,5.0,0.0
w-Topology,2020-04-17,2020-04-20,test,topology_knn,1000,0.0233812998285898,0.0256271233741525,0.0095195078393462,0.0,0.0,,,,,,,,1000.0,125.0,portfolio_only,landscape_h1_top3_weighted,3.0,5.0,0.0
w-Topology,2020-04-20,2020-04-21,test,topology_knn,1000,0.0233812998285898,0.0256271233741525,0.0171036240843938,0.0,0.0,,,,,,,,1000.0,125.0,portfolio_only,landscape_h1_top3_weighted,3.0,5.0,0.0
w-Topology,2020-04-21,2020-04-22,test,topology_knn,1000,0.0230168005171037,0.0252962895906872,-0.0120747468732079,0.0,0.0,,,,,,,,1000.0,125.0,portfolio_only,landscape_h1_top3_weighted,3.0,5.0,0.0
w-Topology,2020-04-22,2020-04-23,test,topology_knn,1000,0.0230168005171037,0.0252962895906872,-0.0002193017086487,0.0,0.0,,,,,,,,1000.0,125.0,portfolio_only,landscape_h1_top3_weighted,3.0,5.0,0.0
w-Topology,2020-04-23,2020-04-24,test,topology_knn,1000,0.0230168005171037,0.0252962895906872,-0.0084613748802462,0.0,0.0,,,,,,,,1000.0,125.0,portfolio_only,landscape_h1_top3_weighted,3.0,5.0,0.0
w-Topology,2020-04-24,2020-04-27,test,topology_knn,1000,0.0230168005171037,0.0252962895906872,-0.0065222984148477,0.0,0.0,,,,,,,,1000.0,125.0,portfolio_only,landscape_h1_top3_weighted,3.0,5.0,0.0
w-Topology,2020-04-27,2020-04-28,test,topology_knn,1000,0.0230168005171037,0.0252962895906872,0.0010139345001017,0.0,0.0,,,,,,,,1000.0,125.0,portfolio_only,landscape_h1_top3_weighted,3.0,5.0,0.0
w-Topology,2020-04-28,2020-04-29,test,topology_knn,1000,0.0230168005171037,0.0254467037678126,-0.0155103412766371,0.0,0.0,,,,,,,,1000.0,125.0,portfolio_only,landscape_h1_top3_weighted,3.0,5.0,0.0
w-Topology,2020-04-29,2020-04-30,test,topology_knn,1000,0.0228152270137982,0.0247976624828843,0.0065376736428446,0.0,0.0,,,,,,,,1000.0,125.0,portfolio_only,landscape_h1_top3_weighted,3.0,5.0,0.0
FHS-EWMA,2020-02-14,2020-02-18,test,fhs_ewma,4417,0.0098871741965488,0.0106426507634617,0.0009105628350296,0.0,0.0,,0.94,,,,,,,,,,,,
FHS-EWMA,2020-02-18,2020-02-19,test,fhs_ewma,4418,0.0096049511472143,0.0103391307457207,-0.0027981347088183,0.0,0.0,,0.94,,,,,,,,,,,,
FHS-EWMA,2020-02-19,2020-02-20,test,fhs_ewma,4419,0.0094973504070155,0.0102235699026025,0.0013015555552228,0.0,0.0,,0.94,,,,,,,,,,,,
FHS-EWMA,2020-02-20,2020-02-21,test,fhs_ewma,4420,0.0092486298786125,0.0099560885629052,0.0045620383102443,0.0,0.0,,0.94,,,,,,,,,,,,
FHS-EWMA,2020-02-21,2020-02-24,test,fhs_ewma,4421,0.009468992215638,0.0101935710319667,0.0167830782270852,1.0,1.0,,0.94,,,,,,,,,,,,
FHS-EWMA,2020-02-24,2020-02-25,test,fhs_ewma,4422,0.0145012004234208,0.0157109999964913,0.0170694949132579,1.0,1.0,,0.94,,,,,,,,,,,,
FHS-EWMA,2020-02-25,2020-02-26,test,fhs_ewma,4423,0.0182305067523237,0.0196725678213806,0.0024148321694126,0.0,0.0,,0.94,,,,,,,,,,,,
FHS-EWMA,2020-02-26,2020-02-27,test,fhs_ewma,4424,0.0177481268835901,0.0191536746848393,0.0250059444964043,1.0,1.0,,0.94,,,,,,,,,,,,
FHS-EWMA,2020-02-27,2020-02-28,test,fhs_ewma,4425,0.0241197496308386,0.0260997795198068,-0.0019630507276869,0.0,0.0,,0.94,,,,,,,,,,,,
FHS-EWMA,2020-02-28,2020-03-02,test,fhs_ewma,4426,0.0234223013158039,0.025345180967336,-0.0257107581984922,0.0,0.0,,0.94,,,,,,,,,,,,
FHS-EWMA,2020-03-02,2020-03-03,test,fhs_ewma,4427,0.028569936927495,0.0309155447958636,0.0125315701382175,0.0,0.0,,0.94,,,,,,,,,,,,
FHS-EWMA,2020-03-03,2020-03-04,test,fhs_ewma,4428,0.0289596558575737,0.031337389003447,-0.0243416063243185,0.0,0.0,,0.94,,,,,,,,,,,,
FHS-EWMA,2020-03-04,2020-03-05,test,fhs_ewma,4429,0.0325227658572553,0.0351931932476523,0.0163899429810092,0.0,0.0,,0.94,,,,,,,,,,,,
FHS-EWMA,2020-03-05,2020-03-06,test,fhs_ewma,4430,0.0334124802537537,0.036156110623103,0.0058578130323741,0.0,0.0,,0.94,,,,,,,,,,,,
FHS-EWMA,2020-03-06,2020-03-09,test,fhs_ewma,4431,0.0326343781428014,0.0353142610068491,0.0432688598961454,1.0,1.0,,0.94,,,,,,,,,,,,
FHS-EWMA,2020-03-09,2020-03-10,test,fhs_ewma,4432,0.0432793801968653,0.0467716591405221,-0.0237043058197012,0.0,0.0,,0.94,,,,,,,,,,,,
FHS-EWMA,2020-03-10,2020-03-11,test,fhs_ewma,4433,0.0449303579933631,0.0485596880744061,0.0332407598484882,0.0,0.0,,0.94,,,,,,,,,,,,
FHS-EWMA,2020-03-11,2020-03-12,test,fhs_ewma,4434,0.0490424867803795,0.0530081639574292,0.0572026605223046,1.0,1.0,,0.94,,,,,,,,,,,,
FHS-EWMA,2020-03-12,2020-03-13,test,fhs_ewma,4435,0.0616465772565628,0.0665163114920453,-0.0486838813784641,0.0,0.0,,0.94,,,,,,,,,,,,
FHS-EWMA,2020-03-13,2020-03-16,test,fhs_ewma,4436,0.068349163995433,0.0737507023596909,0.055087342841,0.0,0.0,,0.94,,,,,,,,,,,,
FHS-EWMA,2020-03-16,2020-03-17,test,fhs_ewma,4437,0.0761496588298512,0.0821702635814757,-0.0223660922788124,0.0,0.0,,0.94,,,,,,,,,,,,
FHS-EWMA,2020-03-17,2020-03-18,test,fhs_ewma,4438,0.0753826434939756,0.0813451840471012,0.0359320573128624,0.0,0.0,,0.94,,,,,,,,,,,,
FHS-EWMA,2020-03-18,2020-03-19,test,fhs_ewma,4439,0.0770721359761124,0.0831709464335304,-0.0025875833281558,0.0,0.0,,0.94,,,,,,,,,,,,
FHS-EWMA,2020-03-19,2020-03-20,test,fhs_ewma,4440,0.0747426169038916,0.0806596463372602,0.015665349459054,0.0,0.0,,0.94,,,,,,,,,,,,
FHS-EWMA,2020-03-20,2020-03-23,test,fhs_ewma,4441,0.0732444560173158,0.0788670412756766,0.0106071398530281,0.0,0.0,,0.94,,,,,,,,,,,,
FHS-EWMA,2020-03-23,2020-03-24,test,fhs_ewma,4442,0.0713773237921301,0.0768590155925437,-0.0516412427199263,0.0,0.0,,0.94,,,,,,,,,,,,
FHS-EWMA,2020-03-24,2020-03-25,test,fhs_ewma,4443,0.0776233431997736,0.0835873713677497,-0.0092158637936721,0.0,0.0,,0.94,,,,,,,,,,,,
FHS-EWMA,2020-03-25,2020-03-26,test,fhs_ewma,4444,0.0755174368970117,0.0813222400728102,-0.0360023043937831,0.0,0.0,,0.94,,,,,,,,,,,,
FHS-EWMA,2020-03-26,2020-03-27,test,fhs_ewma,4445,0.077209766027091,0.0831472894415363,0.0149069029130831,0.0,0.0,,0.94,,,,,,,,,,,,
FHS-EWMA,2020-03-27,2020-03-30,test,fhs_ewma,4446,0.0755403028609257,0.0813520216070865,-0.0204112234647108,0.0,0.0,,0.94,,,,,,,,,,,,
FHS-EWMA,2020-03-30,2020-03-31,test,fhs_ewma,4447,0.0745436835820414,0.080281272269668,0.0082176592938703,0.0,0.0,,0.94,,,,,,,,,,,,
FHS-EWMA,2020-03-31,2020-04-01,test,fhs_ewma,4448,0.072486748740802,0.0780684913285401,0.0253744686710267,0.0,0.0,,0.94,,,,,,,,,,,,
FHS-EWMA,2020-04-01,2020-04-02,test,fhs_ewma,4449,0.0723685884728529,0.0779437035220718,-0.0139110482948699,0.0,0.0,,0.94,,,,,,,,,,,,
FHS-EWMA,2020-04-02,2020-04-03,test,fhs_ewma,4450,0.0707980581154355,0.0762546007538776,0.0083771682517551,0.0,0.0,,0.94,,,,,,,,,,,,
FHS-EWMA,2020-04-03,2020-04-06,test,fhs_ewma,4451,0.0688756130184178,0.0741863413636447,-0.0384955920714017,0.0,0.0,,0.94,,,,,,,,,,,,
FHS-EWMA,2020-04-06,2020-04-07,test,fhs_ewma,4452,0.0717337501956132,0.0772673083055392,0.0011677121469338,0.0,0.0,,0.94,,,,,,,,,,,,
FHS-EWMA,2020-04-07,2020-04-08,test,fhs_ewma,4453,0.0695507887258262,0.0749183282936915,-0.0196444399148666,0.0,0.0,,0.94,,,,,,,,,,,,
FHS-EWMA,2020-04-08,2020-04-09,test,fhs_ewma,4454,0.0687430757518516,0.0740506287368736,-0.0099920986366931,0.0,0.0,,0.94,,,,,,,,,,,,
FHS-EWMA,2020-04-09,2020-04-13,test,fhs_ewma,4455,0.0669929497289985,0.072167666561911,0.0063381014160764,0.0,0.0,,0.94,,,,,,,,,,,,
FHS-EWMA,2020-04-13,2020-04-14,test,fhs_ewma,4456,0.0650931431335965,0.0701233375379895,-0.018226241642401,0.0,0.0,,0.94,,,,,,,,,,,,
FHS-EWMA,2020-04-14,2020-04-15,test,fhs_ewma,4457,0.0643159832825339,0.0692883185718594,0.0091744502962336,0.0,0.0,,0.94,,,,,,,,,,,,
FHS-EWMA,2020-04-15,2020-04-16,test,fhs_ewma,4458,0.0626665820634814,0.0675135415860127,-0.0033212417571667,0.0,0.0,,0.94,,,,,,,,,,,,
FHS-EWMA,2020-04-16,2020-04-17,test,fhs_ewma,4459,0.0607976170202745,0.0655020984859969,-0.0151605464667928,0.0,0.0,,0.94,,,,,,,,,,,,
FHS-EWMA,2020-04-17,2020-04-20,test,fhs_ewma,4460,0.059839916702132,0.0644723367477821,0.0095195078393462,0.0,0.0,,0.94,,,,,,,,,,,,
FHS-EWMA,2020-04-20,2020-04-21,test,fhs_ewma,4461,0.0583757459801787,0.0628968143038587,0.0171036240843938,0.0,0.0,,0.94,,,,,,,,,,,,
FHS-EWMA,2020-04-21,2020-04-22,test,fhs_ewma,4462,0.057780190156812,0.0622571087369089,-0.0120747468732079,0.0,0.0,,0.94,,,,,,,,,,,,
FHS-EWMA,2020-04-22,2020-04-23,test,fhs_ewma,4463,0.0566176848228738,0.0610064653766491,-0.0002193017086487,0.0,0.0,,0.94,,,,,,,,,,,,
FHS-EWMA,2020-04-23,2020-04-24,test,fhs_ewma,4464,0.0548913437064171,0.0591481812820859,-0.0084613748802462,0.0,0.0,,0.94,,,,,,,,,,,,
FHS-EWMA,2020-04-24,2020-04-27,test,fhs_ewma,4465,0.0535280281281007,0.0576809699584459,-0.0065222984148477,0.0,0.0,,0.94,,,,,,,,,,,,
FHS-EWMA,2020-04-27,2020-04-28,test,fhs_ewma,4466,0.0520851404890122,0.0561279172105348,0.0010139345001017,0.0,0.0,,0.94,,,,,,,,,,,,
FHS-EWMA,2020-04-28,2020-04-29,test,fhs_ewma,4467,0.0505015282981446,0.0544231137149671,-0.0155103412766371,0.0,0.0,,0.94,,,,,,,,,,,,
FHS-EWMA,2020-04-29,2020-04-30,test,fhs_ewma,4468,0.0500860048867338,0.0539770361356021,0.0065376736428446,0.0,0.0,,0.94,,,,,,,,,,,,
Rolling HS,2020-02-14,2020-02-18,test,rolling_hs,250,0.012905278370764,0.01174592311781,0.0009105628350296,0.0,0.0,250.0,,,,,,,,,,,,,
Rolling HS,2020-02-18,2020-02-19,test,rolling_hs,250,0.012905278370764,0.01174592311781,-0.0027981347088183,0.0,0.0,250.0,,,,,,,,,,,,,
Rolling HS,2020-02-19,2020-02-20,test,rolling_hs,250,0.012905278370764,0.01174592311781,0.0013015555552228,0.0,0.0,250.0,,,,,,,,,,,,,
Rolling HS,2020-02-20,2020-02-21,test,rolling_hs,250,0.012905278370764,0.01174592311781,0.0045620383102443,0.0,0.0,250.0,,,,,,,,,,,,,
Rolling HS,2020-02-21,2020-02-24,test,rolling_hs,250,0.012905278370764,0.01174592311781,0.0167830782270852,1.0,1.0,250.0,,,,,,,,,,,,,
Rolling HS,2020-02-24,2020-02-25,test,rolling_hs,250,0.0138497882821348,0.0129066197310604,0.0170694949132579,1.0,1.0,250.0,,,,,,,,,,,,,
Rolling HS,2020-02-25,2020-02-26,test,rolling_hs,250,0.0148353465720706,0.0140757698549935,0.0024148321694126,0.0,0.0,250.0,,,,,,,,,,,,,
Rolling HS,2020-02-26,2020-02-27,test,rolling_hs,250,0.0148353465720706,0.0140757698549935,0.0250059444964043,1.0,1.0,250.0,,,,,,,,,,,,,
Rolling HS,2020-02-27,2020-02-28,test,rolling_hs,250,0.0159447820969814,0.0163318483831789,-0.0019630507276869,0.0,0.0,250.0,,,,,,,,,,,,,
Rolling HS,2020-02-28,2020-03-02,test,rolling_hs,250,0.0159447820969814,0.0163318483831789,-0.0257107581984922,0.0,0.0,250.0,,,,,,,,,,,,,
Rolling HS,2020-03-02,2020-03-03,test,rolling_hs,250,0.0159447820969814,0.0163318483831789,0.0125315701382175,0.0,0.0,250.0,,,,,,,,,,,,,
Rolling HS,2020-03-03,2020-03-04,test,rolling_hs,250,0.0159447820969814,0.0163318483831789,-0.0243416063243185,0.0,0.0,250.0,,,,,,,,,,,,,
Rolling HS,2020-03-04,2020-03-05,test,rolling_hs,250,0.0159447820969814,0.0163318483831789,0.0163899429810092,1.0,1.0,250.0,,,,,,,,,,,,,
Rolling HS,2020-03-05,2020-03-06,test,rolling_hs,250,0.0165904419565079,0.0168557350220997,0.0058578130323741,0.0,0.0,250.0,,,,,,,,,,,,,
Rolling HS,2020-03-06,2020-03-09,test,rolling_hs,250,0.0165904419565079,0.0168557350220997,0.0432688598961454,1.0,1.0,250.0,,,,,,,,,,,,,
Rolling HS,2020-03-09,2020-03-10,test,rolling_hs,250,0.0169291507370333,0.0211683347603255,-0.0237043058197012,0.0,0.0,250.0,,,,,,,,,,,,,
Rolling HS,2020-03-10,2020-03-11,test,rolling_hs,250,0.0169291507370333,0.0211683347603255,0.0332407598484882,1.0,1.0,250.0,,,,,,,,,,,,,
Rolling HS,2020-03-11,2020-03-12,test,rolling_hs,250,0.0211170842006625,0.0238329071658132,0.0572026605223046,1.0,1.0,250.0,,,,,,,,,,,,,
Rolling HS,2020-03-12,2020-03-13,test,rolling_hs,250,0.029205700325967,0.0298515344120992,-0.0486838813784641,0.0,0.0,250.0,,,,,,,,,,,,,
Rolling HS,2020-03-13,2020-03-16,test,rolling_hs,250,0.029205700325967,0.0298515344120992,0.055087342841,1.0,1.0,250.0,,,,,,,,,,,,,
Rolling HS,2020-03-16,2020-03-17,test,rolling_hs,250,0.0383550908727933,0.0353797343920979,-0.0223660922788124,0.0,0.0,250.0,,,,,,,,,,,,,
Rolling HS,2020-03-17,2020-03-18,test,rolling_hs,250,0.0383550908727933,0.0353797343920979,0.0359320573128624,0.0,1.0,250.0,,,,,,,,,,,,,
Rolling HS,2020-03-18,2020-03-19,test,rolling_hs,250,0.0396738266303367,0.0381153028329233,-0.0025875833281558,0.0,0.0,250.0,,,,,,,,,,,,,
Rolling HS,2020-03-19,2020-03-20,test,rolling_hs,250,0.0396738266303367,0.0381153028329233,0.015665349459054,0.0,0.0,250.0,,,,,,,,,,,,,
Rolling HS,2020-03-20,2020-03-23,test,rolling_hs,250,0.0396738266303367,0.0381153028329233,0.0106071398530281,0.0,0.0,250.0,,,,,,,,,,,,,
Rolling HS,2020-03-23,2020-03-24,test,rolling_hs,250,0.0396738266303367,0.0381153028329233,-0.0516412427199263,0.0,0.0,250.0,,,,,,,,,,,,,
Rolling HS,2020-03-24,2020-03-25,test,rolling_hs,250,0.0396738266303367,0.0381153028329233,-0.0092158637936721,0.0,0.0,250.0,,,,,,,,,,,,,
Rolling HS,2020-03-25,2020-03-26,test,rolling_hs,250,0.0396738266303367,0.0381153028329233,-0.0360023043937831,0.0,0.0,250.0,,,,,,,,,,,,,
Rolling HS,2020-03-26,2020-03-27,test,rolling_hs,250,0.0396738266303367,0.0381153028329233,0.0149069029130831,0.0,0.0,250.0,,,,,,,,,,,,,
Rolling HS,2020-03-27,2020-03-30,test,rolling_hs,250,0.0396738266303367,0.0381153028329233,-0.0204112234647108,0.0,0.0,250.0,,,,,,,,,,,,,
Rolling HS,2020-03-30,2020-03-31,test,rolling_hs,250,0.0396738266303367,0.0381153028329233,0.0082176592938703,0.0,0.0,250.0,,,,,,,,,,,,,
Rolling HS,2020-03-31,2020-04-01,test,rolling_hs,250,0.0396738266303367,0.0381153028329233,0.0253744686710267,0.0,0.0,250.0,,,,,,,,,,,,,
Rolling HS,2020-04-01,2020-04-02,test,rolling_hs,250,0.0396738266303367,0.0393017276554617,-0.0139110482948699,0.0,0.0,250.0,,,,,,,,,,,,,
Rolling HS,2020-04-02,2020-04-03,test,rolling_hs,250,0.0396738266303367,0.0393017276554617,0.0083771682517551,0.0,0.0,250.0,,,,,,,,,,,,,
Rolling HS,2020-04-03,2020-04-06,test,rolling_hs,250,0.0396738266303367,0.0393017276554617,-0.0384955920714017,0.0,0.0,250.0,,,,,,,,,,,,,
Rolling HS,2020-04-06,2020-04-07,test,rolling_hs,250,0.0396738266303367,0.0393017276554617,0.0011677121469338,0.0,0.0,250.0,,,,,,,,,,,,,
Rolling HS,2020-04-07,2020-04-08,test,rolling_hs,250,0.0396738266303367,0.0393017276554617,-0.0196444399148666,0.0,0.0,250.0,,,,,,,,,,,,,
Rolling HS,2020-04-08,2020-04-09,test,rolling_hs,250,0.0396738266303367,0.0393017276554617,-0.0099920986366931,0.0,0.0,250.0,,,,,,,,,,,,,
Rolling HS,2020-04-09,2020-04-13,test,rolling_hs,250,0.0396738266303367,0.0393017276554617,0.0063381014160764,0.0,0.0,250.0,,,,,,,,,,,,,
Rolling HS,2020-04-13,2020-04-14,test,rolling_hs,250,0.0396738266303367,0.0393017276554617,-0.018226241642401,0.0,0.0,250.0,,,,,,,,,,,,,
Rolling HS,2020-04-14,2020-04-15,test,rolling_hs,250,0.0396738266303367,0.0393017276554617,0.0091744502962336,0.0,0.0,250.0,,,,,,,,,,,,,
Rolling HS,2020-04-15,2020-04-16,test,rolling_hs,250,0.0396738266303367,0.0393017276554617,-0.0033212417571667,0.0,0.0,250.0,,,,,,,,,,,,,
Rolling HS,2020-04-16,2020-04-17,test,rolling_hs,250,0.0396738266303367,0.0393017276554617,-0.0151605464667928,0.0,0.0,250.0,,,,,,,,,,,,,
Rolling HS,2020-04-17,2020-04-20,test,rolling_hs,250,0.0396738266303367,0.0393017276554617,0.0095195078393462,0.0,0.0,250.0,,,,,,,,,,,,,
Rolling HS,2020-04-20,2020-04-21,test,rolling_hs,250,0.0396738266303367,0.0393017276554617,0.0171036240843938,0.0,0.0,250.0,,,,,,,,,,,,,
Rolling HS,2020-04-21,2020-04-22,test,rolling_hs,250,0.0396738266303367,0.0393017276554617,-0.0120747468732079,0.0,0.0,250.0,,,,,,,,,,,,,
Rolling HS,2020-04-22,2020-04-23,test,rolling_hs,250,0.0396738266303367,0.0393017276554617,-0.0002193017086487,0.0,0.0,250.0,,,,,,,,,,,,,
Rolling HS,2020-04-23,2020-04-24,test,rolling_hs,250,0.0396738266303367,0.0393017276554617,-0.0084613748802462,0.0,0.0,250.0,,,,,,,,,,,,,
Rolling HS,2020-04-24,2020-04-27,test,rolling_hs,250,0.0396738266303367,0.0393017276554617,-0.0065222984148477,0.0,0.0,250.0,,,,,,,,,,,,,
Rolling HS,2020-04-27,2020-04-28,test,rolling_hs,250,0.0396738266303367,0.0393017276554617,0.0010139345001017,0.0,0.0,250.0,,,,,,,,,,,,,
Rolling HS,2020-04-28,2020-04-29,test,rolling_hs,250,0.0396738266303367,0.0393017276554617,-0.0155103412766371,0.0,0.0,250.0,,,,,,,,,,,,,
Rolling HS,2020-04-29,2020-04-30,test,rolling_hs,250,0.0396738266303367,0.0393017276554617,0.0065376736428446,0.0,0.0,250.0,,,,,,,,,,,,,
