model_label,month,method,n_forecasts,exceedance_rate_99,exceedance_rate_es_975,mean_realized_loss,mean_var_99,mean_es_975
w-Topology,2015-01,topology_knn,19,0.0,0.0,0.0001132273705835,0.0207611223013602,0.0212284514295626
w-Topology,2015-02,topology_knn,19,0.0,0.0,-0.0012167916827006,0.0142666616942567,0.0152446626298059
w-Topology,2015-03,topology_knn,22,0.0,0.0,0.00024950175172,0.0150434911766941,0.0156907814298303
w-Topology,2015-04,topology_knn,21,0.0,0.0,-0.0001685579439365,0.0163666453106146,0.0177608269748487
w-Topology,2015-05,topology_knn,20,0.0,0.0,-0.0003169624300148,0.0147353853233566,0.0165402617746936
w-Topology,2015-06,topology_knn,22,0.0,0.0,0.0008386675275712,0.0153700846083531,0.0171050055604419
w-Topology,2015-07,topology_knn,22,0.0,0.0,-0.0009019417390178,0.0159141598782699,0.0172308245859279
w-Topology,2015-08,topology_knn,21,0.0952380952380952,0.0476190476190476,0.0016948192185696,0.0166502109163005,0.0179511739924894
w-Topology,2015-09,topology_knn,21,0.0,0.0,0.0003787346563913,0.0205804142000676,0.0221877197919076
w-Topology,2015-10,topology_knn,22,0.0,0.0,-0.0021346965097538,0.0202386647108754,0.0214813033239527
w-Topology,2015-11,topology_knn,20,0.0,0.0,-4.127471449662493e-05,0.0214054377136355,0.0233656178078089
w-Topology,2015-12,topology_knn,22,0.0,0.0,0.0005166484453175,0.0201647650848271,0.021641341095862
w-Topology,2016-01,topology_knn,19,0.0,0.0,0.0008527939336443,0.0157807094439683,0.0175705130206103
w-Topology,2016-02,topology_knn,20,0.0,0.0,-0.0003131598227379,0.0156804424841179,0.0174475451645548
w-Topology,2016-03,topology_knn,22,0.0,0.0,-0.0017829382800349,0.014897322600853,0.0157194503743681
w-Topology,2016-04,topology_knn,21,0.0,0.0,-9.6074633944782e-05,0.0151383094249305,0.0161639812921059
w-Topology,2016-05,topology_knn,21,0.0,0.0,-0.0004787442673949,0.0137621415435896,0.0148007503638589
w-Topology,2016-06,topology_knn,22,0.0,0.0,-0.0006914588502197,0.0181207204351962,0.0187801374496941
w-Topology,2016-07,topology_knn,20,0.0,0.0,-0.0011330854139596,0.0202176246353034,0.0208982288660799
w-Topology,2016-08,topology_knn,23,0.0,0.0,0.0001405161905026,0.0182449150256131,0.019644789495105
w-Topology,2016-09,topology_knn,21,0.0,0.0,-7.105039192055708e-05,0.0195556184290874,0.0206608963033766
w-Topology,2016-10,topology_knn,21,0.0,0.0,0.0007803231821909,0.0207500310866496,0.0216275661881811
w-Topology,2016-11,topology_knn,21,0.0,0.0,-0.0002288356047052,0.0216956679480389,0.0234685419187575
w-Topology,2016-12,topology_knn,21,0.0,0.0,-0.0005605446112848,0.0220082692768254,0.0240173663080345
w-Topology,2017-01,topology_knn,20,0.0,0.0,-0.0005836935615931,0.0202858233905503,0.021640117596782
w-Topology,2017-02,topology_knn,19,0.0,0.0,-0.0013741979842939,0.0198665415666199,0.0207209723752538
w-Topology,2017-03,topology_knn,23,0.0,0.0,-5.665478682665389e-05,0.0166238311295253,0.0182249494994525
w-Topology,2017-04,topology_knn,19,0.0,0.0,-0.0005523171418931,0.0150476767684409,0.0169560968543402
w-Topology,2017-05,topology_knn,22,0.0,0.0,-0.0005400455932509,0.0152912295694024,0.0164274009363484
w-Topology,2017-06,topology_knn,22,0.0,0.0,-8.791516991570325e-05,0.0148944659730461,0.0166745935083945
w-Topology,2017-07,topology_knn,20,0.0,0.0,-0.0006900453821616,0.0159309775578872,0.0175542513387383
w-Topology,2017-08,topology_knn,23,0.0,0.0,-0.0003385814571298,0.0161634117921856,0.018476105374738
w-Topology,2017-09,topology_knn,20,0.0,0.0,-0.0003135478724417,0.0145215484712225,0.0155733456019113
w-Topology,2017-10,topology_knn,22,0.0,0.0,-0.000604788619945,0.0144897023343592,0.0154161898771514
w-Topology,2017-11,topology_knn,21,0.0,0.0,-0.0008131760584368,0.0160465213254487,0.0160547479520385
w-Topology,2017-12,topology_knn,20,0.0,0.0,-0.0004030814135868,0.0207854490888969,0.0213235515977177
w-Topology,2018-01,topology_knn,21,0.0,0.0,-0.0011639602073543,0.0180862809831897,0.0191934406522311
w-Topology,2018-02,topology_knn,19,0.0526315789473684,0.0,0.0012755438639983,0.0248457621260012,0.0265292450319278
w-Topology,2018-03,topology_knn,21,0.0,0.0,0.0005274517065278,0.0250305709668232,0.0274052225246643
w-Topology,2018-04,topology_knn,21,0.0,0.0,6.311786657884281e-05,0.022507726771861,0.0248922213231097
w-Topology,2018-05,topology_knn,22,0.0,0.0,-0.0008483395003792,0.0179843532949031,0.018692229356759
w-Topology,2018-06,topology_knn,21,0.0,0.0,-0.0002108703666672,0.01754775421394,0.0183404541711721
w-Topology,2018-07,topology_knn,21,0.0,0.0,-0.0009482168017618,0.0173468517607848,0.0182191057714695
w-Topology,2018-08,topology_knn,23,0.0,0.0,-0.0010019248465434,0.0207034899805311,0.021437693022819
w-Topology,2018-09,topology_knn,19,0.0,0.0,6.362050469483244e-05,0.0191511115272976,0.0206771441381888
w-Topology,2018-10,topology_knn,23,0.0434782608695652,0.0434782608695652,0.0018604329438108,0.0182830900814126,0.0197020344394826
w-Topology,2018-11,topology_knn,21,0.0,0.0,-0.0008178524959694,0.0218901502074296,0.0237882445059622
w-Topology,2018-12,topology_knn,19,0.0,0.0,0.002219219579446,0.0220410141527564,0.0240421972089906
w-Topology,2019-01,topology_knn,21,0.0,0.0,-0.0023683478708561,0.0164980915269467,0.0174782044462758
w-Topology,2019-02,topology_knn,19,0.0,0.0,-0.0009061783391343,0.0128829041857538,0.0136559631345117
w-Topology,2019-03,topology_knn,21,0.0,0.0,-0.0010294006766231,0.0146578205636431,0.0158958714354497
w-Topology,2019-04,topology_knn,21,0.0,0.0,-0.0010518518234846,0.018495221283491,0.0192442413905614
w-Topology,2019-05,topology_knn,22,0.0,0.0,0.0012221386661812,0.0179839435403894,0.0197969794480853
w-Topology,2019-06,topology_knn,20,0.0,0.0,-0.0022778608068736,0.0204322296037675,0.0213873038309565
w-Topology,2019-07,topology_knn,22,0.0,0.0,-0.0004258424989876,0.0156627559864846,0.0172629705691162
w-Topology,2019-08,topology_knn,22,0.0,0.0,-0.0003094289236944,0.0185639195995193,0.0200328533267322
w-Topology,2019-09,topology_knn,20,0.0,0.0,-0.0003521101573033,0.0183568029471993,0.0195810296363788
w-Topology,2019-10,topology_knn,23,0.0,0.0,-0.0006247887674277,0.0149462984844201,0.0166680985260142
w-Topology,2019-11,topology_knn,20,0.0,0.0,-0.0009354630147413,0.0159116259691333,0.0170337875423644
w-Topology,2019-12,topology_knn,21,0.0,0.0,-0.0006504181424904,0.0210214760596152,0.0217296550110561
w-Topology,2020-01,topology_knn,21,0.0,0.0,-0.0006565352378825,0.0219014722332263,0.0238937797434143
w-Topology,2020-02,topology_knn,19,0.1578947368421052,0.1578947368421052,0.0019092473665475,0.0193352345311338,0.0200290531436823
w-Topology,2020-03,topology_knn,22,0.2272727272727272,0.2272727272727272,0.0020110543814272,0.0300243139801263,0.0301742039113078
w-Topology,2020-04,topology_knn,21,0.0,0.0,-0.0036634586232889,0.0240232372313857,0.0260486086109108
w-Topology,2020-05,topology_knn,20,0.0,0.0,-0.0015217617795158,0.0228756990647898,0.0249255643888759
w-Topology,2020-06,topology_knn,22,0.0454545454545454,0.0454545454545454,-0.0005848812215445,0.0239103410815461,0.026345957428785
w-Topology,2020-07,topology_knn,22,0.0,0.0,-0.001737074607652,0.025459307348978,0.0275864923670051
w-Topology,2020-08,topology_knn,21,0.0,0.0,-0.0017536424612334,0.0259615629437176,0.028158785712053
w-Topology,2020-09,topology_knn,21,0.0,0.0,0.0009581062736881,0.0233430747132447,0.0250605740299849
w-Topology,2020-10,topology_knn,22,0.0454545454545454,0.0454545454545454,0.0008924690698039,0.015338096929492,0.0162371793139506
w-Topology,2020-11,topology_knn,20,0.0,0.0,-0.0032051820438448,0.0154836761977311,0.0169556902856785
w-Topology,2020-12,topology_knn,22,0.0,0.0,-0.0009588069649843,0.0141175851009023,0.0145667624797528
w-Topology,2021-01,topology_knn,19,0.0,0.0,0.0005216256162093,0.0160644516125471,0.0162866016934987
w-Topology,2021-02,topology_knn,19,0.0526315789473684,0.0526315789473684,-0.0003904148107552,0.018472351063874,0.0190220651684005
w-Topology,2021-03,topology_knn,23,0.0,0.0,-0.0007719403973158,0.0169328264845481,0.017881357184296
w-Topology,2021-04,topology_knn,21,0.0,0.0,-0.0016787615985203,0.0163481019681832,0.0169232176632537
w-Topology,2021-05,topology_knn,20,0.0,0.0,-0.0003044836868173,0.0171778590111372,0.0180560242647066
w-Topology,2021-06,topology_knn,22,0.0,0.0,-0.0008004466286176,0.014368000232736,0.0157594405372457
w-Topology,2021-07,topology_knn,21,0.0,0.0,-0.0010821729338031,0.01564914957851,0.0175844125855815
w-Topology,2021-08,topology_knn,22,0.0,0.0,-0.0007377598774237,0.0156270047236943,0.017688774253567
w-Topology,2021-09,topology_knn,21,0.0,0.0,0.0016479994136351,0.0154180320854737,0.0168560872616834
w-Topology,2021-10,topology_knn,21,0.0,0.0,-0.0018711462623471,0.0147611208479616,0.0151033786265497
w-Topology,2021-11,topology_knn,21,0.0,0.0,-1.929120171557115e-07,0.0149816901375781,0.0156451595823271
w-Topology,2021-12,topology_knn,22,0.0,0.0,-0.0011730227872986,0.016655579179262,0.0168961397761332
w-Topology,2022-01,topology_knn,20,0.05,0.0,0.0020074012845001,0.0148401461342023,0.015930581973427
w-Topology,2022-02,topology_knn,19,0.0526315789473684,0.0526315789473684,0.0009468253414086,0.0158342515481575,0.0170408642727775
w-Topology,2022-03,topology_knn,23,0.0434782608695652,0.0434782608695652,-0.0003145978710934,0.0153358049383471,0.0163688395535457
w-Topology,2022-04,topology_knn,20,0.15,0.15,0.0035361712896858,0.0137662214489299,0.0140143736821896
w-Topology,2022-05,topology_knn,21,0.1428571428571428,0.1428571428571428,-0.0003006713584688,0.0147943935276026,0.0153795131799599
w-Topology,2022-06,topology_knn,21,0.1428571428571428,0.1428571428571428,0.0025069029251594,0.0147906984327562,0.0157519127975247
w-Topology,2022-07,topology_knn,20,0.0,0.0,-0.0032816008351116,0.0154657351063417,0.0162341474924679
w-Topology,2022-08,topology_knn,23,0.0434782608695652,0.0434782608695652,0.0017192076329417,0.0149347822200387,0.0160397364530992
w-Topology,2022-09,topology_knn,21,0.0476190476190476,0.0476190476190476,0.0036095616600959,0.0155877438486618,0.0168620532375319
w-Topology,2022-10,topology_knn,21,0.0476190476190476,0.0476190476190476,-0.0020536573434691,0.0167084158561498,0.0177879111526964
w-Topology,2022-11,topology_knn,21,0.0,0.0,-0.0023194743661249,0.0159967620273147,0.0181126599198207
w-Topology,2022-12,topology_knn,21,0.0,0.0,0.0019347527198536,0.0158859190907535,0.0179712977828688
w-Topology,2023-01,topology_knn,20,0.0,0.0,-0.002575380034021,0.0159815771063486,0.0180831554784246
w-Topology,2023-02,topology_knn,19,0.0526315789473684,0.0,0.0014705785640437,0.0156925130535518,0.0176258075924742
w-Topology,2023-03,topology_knn,23,0.0,0.0,-0.0016379328317189,0.0150587068365797,0.0172732524365057
w-Topology,2023-04,topology_knn,19,0.0,0.0,-0.0006935911999892,0.0148843473904342,0.0167067898843531
w-Topology,2023-05,topology_knn,22,0.0,0.0,0.0001126094326321,0.0152244166420186,0.01727631219321
w-Topology,2023-06,topology_knn,21,0.0,0.0,-0.0015734283511326,0.0161223786509225,0.0183402183774109
w-Topology,2023-07,topology_knn,20,0.0,0.0,-0.0008491127407898,0.0163345613244926,0.0175503348049133
w-Topology,2023-08,topology_knn,23,0.0,0.0,0.000532514044104,0.0153872990508313,0.0156010803554116
w-Topology,2023-09,topology_knn,20,0.0,0.0,0.0020775968332422,0.0155412751482472,0.0159438071170593
w-Topology,2023-10,topology_knn,22,0.0,0.0,0.0009214655189885,0.0154367209298933,0.0169291659964514
w-Topology,2023-11,topology_knn,21,0.0,0.0,-0.0033737727476343,0.0155592597373589,0.0172866965771983
w-Topology,2023-12,topology_knn,20,0.0,0.0,-0.0020978220196983,0.0159265048519891,0.0179187072036112
w-Topology,2024-01,topology_knn,21,0.0,0.0,-0.000482962110928,0.0160143450045333,0.0171804796783336
w-Topology,2024-02,topology_knn,20,0.0,0.0,-0.0011294595072268,0.0146798634789091,0.0154205050721656
w-Topology,2024-03,topology_knn,20,0.0,0.0,-0.001125119564756,0.0149879989562156,0.0157893901677107
w-Topology,2024-04,topology_knn,22,0.0,0.0,0.0016747906217757,0.0150701618337808,0.0165038788707372
w-Topology,2024-05,topology_knn,22,0.0,0.0,-0.001684624950139,0.015444734046075,0.0172023967728205
w-Topology,2024-06,topology_knn,19,0.0,0.0,-0.0013596699575421,0.0154854260686388,0.0165440038220468
w-Topology,2024-07,topology_knn,22,0.0,0.0,-0.0008741925424882,0.0159398072202953,0.0175804698272902
w-Topology,2024-08,topology_knn,22,0.0454545454545454,0.0454545454545454,-0.0009197507064438,0.0153729143791124,0.0170021967681234
w-Topology,2024-09,topology_knn,20,0.0,0.0,-0.0009214565703028,0.0152164606812128,0.0167308792032224
w-Topology,2024-10,topology_knn,23,0.0,0.0,0.000816247828735,0.014466266159444,0.0152799733097092
w-Topology,2024-11,topology_knn,20,0.0,0.0,-0.0019637813419385,0.014386034972025,0.0147682691130554
w-Topology,2024-12,topology_knn,21,0.0476190476190476,0.0476190476190476,0.0011046886349223,0.0154708964036505,0.0161516086265034
w-Topology,2025-01,topology_knn,20,0.0,0.0,-0.0009433142844138,0.0177036115250333,0.0184349533393277
w-Topology,2025-02,topology_knn,19,0.0,0.0,-0.000201218063147,0.0148214552651939,0.015120010694234
w-Topology,2025-03,topology_knn,21,0.0,0.0,0.0015193244700356,0.0178947484529753,0.01801571590036
w-Topology,2025-04,topology_knn,21,0.0952380952380952,0.0952380952380952,-0.0002653373506216,0.0229842410494048,0.0244694921920073
w-Topology,2025-05,topology_knn,21,0.0,0.0,-0.0015421392409107,0.022884239774402,0.024996340936807
w-Topology,2025-06,topology_knn,20,0.0,0.0,-0.0018370666451716,0.0228640629326056,0.0253987119628283
w-Topology,2025-07,topology_knn,22,0.0,0.0,-0.0005198443808128,0.0245105680613826,0.027051968976214
w-Topology,2025-08,topology_knn,21,0.0,0.0,-0.0009104764005728,0.0281179698567076,0.0297053827482769
w-Topology,2025-09,topology_knn,21,0.0,0.0,-0.0011317200934181,0.0294671751205482,0.030614170127816
w-Topology,2025-10,topology_knn,23,0.0,0.0,-0.0007610776230923,0.0197323764079036,0.0212754242755686
w-Topology,2025-11,topology_knn,19,0.0,0.0,-0.0002962543444682,0.0159165885573415,0.0176311943541811
w-Topology,2025-12,topology_knn,22,0.0,0.0,0.0001075818590788,0.0158486137607378,0.0169795698972296
w-Topology,2026-01,topology_knn,20,0.0,0.0,-0.0004060525401077,0.0162500158312611,0.0169585658767389
w-Topology,2026-02,topology_knn,19,0.0,0.0,-0.0002615224229744,0.016187335622442,0.0171959306359262
w-Topology,2026-03,topology_knn,22,0.0,0.0,0.0017660416806065,0.0159628412836928,0.0169110754874559
w-Topology,2026-04,topology_knn,21,0.0,0.0,-0.0028489775965479,0.0154277324543142,0.0167267433581158
w-Topology,2026-05,topology_knn,1,0.0,0.0,-0.001965683435183,0.01583829207284,0.0174398607656632
FHS-EWMA,2015-01,fhs_ewma,38,0.0,0.0,0.0001132273705835,0.0123756889097631,0.0127045306796353
FHS-EWMA,2015-02,fhs_ewma,38,0.0,0.0,-0.0012167916827006,0.0119090971989263,0.0122202511380004
FHS-EWMA,2015-03,fhs_ewma,44,0.0454545454545454,0.0454545454545454,0.00024950175172,0.0129202313835625,0.01327545660123
FHS-EWMA,2015-04,fhs_ewma,42,0.0,0.0,-0.0001685579439365,0.0125321906447013,0.0128799127950208
FHS-EWMA,2015-05,fhs_ewma,40,0.0,0.0,-0.0003169624300148,0.0119889091431786,0.0123065364866105
FHS-EWMA,2015-06,fhs_ewma,44,0.0,0.0,0.0008386675275712,0.0107210524344913,0.0109948427105021
FHS-EWMA,2015-07,fhs_ewma,44,0.0,0.0,-0.0009019417390178,0.0104465488605657,0.0107081013405583
FHS-EWMA,2015-08,fhs_ewma,42,0.1428571428571428,0.1428571428571428,0.0016948192185696,0.0126487696023682,0.0130487898918234
FHS-EWMA,2015-09,fhs_ewma,42,0.0,0.0,0.0003787346563913,0.0219178177347856,0.0228350186034638
FHS-EWMA,2015-10,fhs_ewma,44,0.0,0.0,-0.0021346965097538,0.0181264179040105,0.0188562564337582
FHS-EWMA,2015-11,fhs_ewma,40,0.0,0.0,-4.127471449662496e-05,0.0147253994614498,0.0153141506170963
FHS-EWMA,2015-12,fhs_ewma,44,0.0,0.0,0.0005166484453175,0.0158520309321781,0.0164624548320919
FHS-EWMA,2016-01,fhs_ewma,38,0.0,0.0,0.0008527939336443,0.0172923181601955,0.0179751425224948
FHS-EWMA,2016-02,fhs_ewma,40,0.0,0.0,-0.0003131598227379,0.0190199600845182,0.0197373690535907
FHS-EWMA,2016-03,fhs_ewma,44,0.0,0.0,-0.0017829382800349,0.0159516381360693,0.0165641653356271
FHS-EWMA,2016-04,fhs_ewma,42,0.0,0.0,-9.607463394478203e-05,0.0124854467340953,0.0129428626970429
FHS-EWMA,2016-05,fhs_ewma,42,0.0,0.0,-0.0004787442673949,0.010792291410855,0.0111930754615151
FHS-EWMA,2016-06,fhs_ewma,44,0.0454545454545454,0.0454545454545454,-0.0006914588502197,0.0102396281032893,0.0106206525934848
FHS-EWMA,2016-07,fhs_ewma,40,0.0,0.0,-0.0011330854139596,0.0133262545647634,0.0138972020371041
FHS-EWMA,2016-08,fhs_ewma,46,0.0,0.0,0.0001405161905026,0.0094323122439354,0.0098244713299532
FHS-EWMA,2016-09,fhs_ewma,42,0.0476190476190476,0.0476190476190476,-7.105039192055706e-05,0.0116331945852421,0.0122193824792544
FHS-EWMA,2016-10,fhs_ewma,42,0.0,0.0,0.0007803231821909,0.0111517066785483,0.0117243054512116
FHS-EWMA,2016-11,fhs_ewma,42,0.0,0.0,-0.0002288356047052,0.0099016000555473,0.0104003962850574
FHS-EWMA,2016-12,fhs_ewma,42,0.0,0.0,-0.0005605446112848,0.0096002131680044,0.0100794255810816
FHS-EWMA,2017-01,fhs_ewma,40,0.0,0.0,-0.0005836935615931,0.0080326061873505,0.0084302783278739
FHS-EWMA,2017-02,fhs_ewma,38,0.0,0.0,-0.0013741979842939,0.0068154149114643,0.0071486724461695
FHS-EWMA,2017-03,fhs_ewma,46,0.0,0.0,-5.665478682665389e-05,0.0075040930822255,0.0078661530961695
FHS-EWMA,2017-04,fhs_ewma,38,0.0,0.0,-0.0005523171418931,0.0068888942775737,0.0072193141637763
FHS-EWMA,2017-05,fhs_ewma,44,0.0454545454545454,0.0454545454545454,-0.0005400455932509,0.0065881708032936,0.0069013200919495
FHS-EWMA,2017-06,fhs_ewma,44,0.0454545454545454,0.0454545454545454,-8.791516991570325e-05,0.0066215894062393,0.0069436655553314
FHS-EWMA,2017-07,fhs_ewma,40,0.0,0.0,-0.0006900453821616,0.0078338318083213,0.0082205143501675
FHS-EWMA,2017-08,fhs_ewma,46,0.0869565217391304,0.0869565217391304,-0.0003385814571298,0.0072980711881293,0.0076623235476801
FHS-EWMA,2017-09,fhs_ewma,40,0.0,0.0,-0.0003135478724417,0.0068402603475136,0.0071667724648663
FHS-EWMA,2017-10,fhs_ewma,44,0.0,0.0,-0.000604788619945,0.0053744885670392,0.0056345291839609
FHS-EWMA,2017-11,fhs_ewma,42,0.0,0.0,-0.0008131760584368,0.0056092395218568,0.0058753531415278
FHS-EWMA,2017-12,fhs_ewma,40,0.0,0.0,-0.0004030814135868,0.0062631177492006,0.0065660308060934
FHS-EWMA,2018-01,fhs_ewma,42,0.0,0.0,-0.0011639602073543,0.0069105553971278,0.0072368124737964
FHS-EWMA,2018-02,fhs_ewma,38,0.1578947368421052,0.1578947368421052,0.0012755438639983,0.0179751305002429,0.0190995457422861
FHS-EWMA,2018-03,fhs_ewma,42,0.0,0.0,0.0005274517065278,0.0180486059163246,0.0191730754691089
FHS-EWMA,2018-04,fhs_ewma,42,0.0,0.0,6.311786657884289e-05,0.0191197741218975,0.0203205130431983
FHS-EWMA,2018-05,fhs_ewma,44,0.0,0.0,-0.0008483395003792,0.0149825143280684,0.0159005708237722
FHS-EWMA,2018-06,fhs_ewma,42,0.0,0.0,-0.0002108703666672,0.0113442495923755,0.0120383061409843
FHS-EWMA,2018-07,fhs_ewma,42,0.0,0.0,-0.0009482168017618,0.0098371238200565,0.0104296633035272
FHS-EWMA,2018-08,fhs_ewma,46,0.0,0.0,-0.0010019248465434,0.0086934400144727,0.0092106905481381
FHS-EWMA,2018-09,fhs_ewma,38,0.0,0.0,6.362050469483245e-05,0.0073350782020259,0.0077644222814171
FHS-EWMA,2018-10,fhs_ewma,46,0.108695652173913,0.0652173913043478,0.0018604329438108,0.0126799818453471,0.013574606273606
FHS-EWMA,2018-11,fhs_ewma,42,0.0,0.0,-0.0008178524959694,0.0177277651619765,0.0190129814242117
FHS-EWMA,2018-12,fhs_ewma,38,0.0,0.0,0.002219219579446,0.0210918868492185,0.0226271665854127
FHS-EWMA,2019-01,fhs_ewma,42,0.0,0.0,-0.0023683478708561,0.0231576835596901,0.0248453993321755
FHS-EWMA,2019-02,fhs_ewma,38,0.0,0.0,-0.0009061783391343,0.0174629239468658,0.0187168201467859
FHS-EWMA,2019-03,fhs_ewma,42,0.0,0.0,-0.0010294006766231,0.0134033561837056,0.014363901653317
FHS-EWMA,2019-04,fhs_ewma,42,0.0,0.0,-0.0010518518234846,0.0109019382917042,0.0116718861333034
FHS-EWMA,2019-05,fhs_ewma,44,0.0454545454545454,0.0454545454545454,0.0012221386661812,0.0115463219253729,0.0123721933279301
FHS-EWMA,2019-06,fhs_ewma,40,0.0,0.0,-0.0022778608068736,0.0125708969698213,0.013459776026446
FHS-EWMA,2019-07,fhs_ewma,44,0.0,0.0,-0.0004258424989876,0.0108467324403112,0.0116176422412413
FHS-EWMA,2019-08,fhs_ewma,44,0.0681818181818181,0.0681818181818181,-0.0003094289236944,0.0149036077475957,0.0159910661404046
FHS-EWMA,2019-09,fhs_ewma,40,0.0,0.0,-0.0003521101573033,0.0141222784064207,0.0151676355815885
FHS-EWMA,2019-10,fhs_ewma,46,0.0,0.0,-0.0006247887674277,0.0126511446423541,0.0135605139370424
FHS-EWMA,2019-11,fhs_ewma,40,0.0,0.0,-0.0009354630147413,0.0095297756891757,0.010209362453555
FHS-EWMA,2019-12,fhs_ewma,42,0.0,0.0,-0.0006504181424904,0.0083530043321142,0.0089368251218971
FHS-EWMA,2020-01,fhs_ewma,42,0.0476190476190476,0.0,-0.0006565352378825,0.0082614916560008,0.0088404322631887
FHS-EWMA,2020-02,fhs_ewma,38,0.1578947368421052,0.1578947368421052,0.0019092473665475,0.0114547353459799,0.0122693750933098
FHS-EWMA,2020-03,fhs_ewma,44,0.1136363636363636,0.0909090909090909,0.0020110543814272,0.0517166781118618,0.0555838583367228
FHS-EWMA,2020-04,fhs_ewma,42,0.0,0.0,-0.0036634586232889,0.0601607724437287,0.0645839372443571
FHS-EWMA,2020-05,fhs_ewma,40,0.0,0.0,-0.0015217617795158,0.0433739885074758,0.0465556412894282
FHS-EWMA,2020-06,fhs_ewma,44,0.0227272727272727,0.0227272727272727,-0.0005848812215445,0.0341043679035739,0.0366009028658847
FHS-EWMA,2020-07,fhs_ewma,44,0.0,0.0,-0.001737074607652,0.0269820496152309,0.0289456070734037
FHS-EWMA,2020-08,fhs_ewma,42,0.0,0.0,-0.0017536424612334,0.0195461261635317,0.0209492682672621
FHS-EWMA,2020-09,fhs_ewma,42,0.0238095238095238,0.0238095238095238,0.0009581062736881,0.0214261655872214,0.022975197283992
FHS-EWMA,2020-10,fhs_ewma,44,0.0454545454545454,0.0227272727272727,0.0008924690698039,0.0205594043475997,0.0220469516339967
FHS-EWMA,2020-11,fhs_ewma,40,0.0,0.0,-0.0032051820438448,0.021771512471865,0.0233067177882849
FHS-EWMA,2020-12,fhs_ewma,44,0.0,0.0,-0.0009588069649843,0.0163777183022044,0.0175323093051381
FHS-EWMA,2021-01,fhs_ewma,38,0.0263157894736842,0.0263157894736842,0.0005216256162093,0.0138674838668914,0.0148239480689539
FHS-EWMA,2021-02,fhs_ewma,38,0.0526315789473684,0.0526315789473684,-0.0003904148107552,0.0159274929120118,0.0170412746363547
FHS-EWMA,2021-03,fhs_ewma,46,0.0,0.0,-0.0007719403973158,0.0190158156514784,0.0203462123860984
FHS-EWMA,2021-04,fhs_ewma,42,0.0,0.0,-0.0016787615985203,0.015774054835552,0.016884373783887
FHS-EWMA,2021-05,fhs_ewma,40,0.05,0.025,-0.0003044836868173,0.0153278890381103,0.0163646231476336
FHS-EWMA,2021-06,fhs_ewma,44,0.0,0.0,-0.0008004466286176,0.0135336127280972,0.0144473914929196
FHS-EWMA,2021-07,fhs_ewma,42,0.0,0.0,-0.0010821729338031,0.0117000693642725,0.0124755594763149
FHS-EWMA,2021-08,fhs_ewma,44,0.0,0.0,-0.0007377598774237,0.0102581636680634,0.0109424784377241
FHS-EWMA,2021-09,fhs_ewma,42,0.0476190476190476,0.0476190476190476,0.0016479994136351,0.0105437837032531,0.0112378601822161
FHS-EWMA,2021-10,fhs_ewma,42,0.0,0.0,-0.0018711462623471,0.0136642598193337,0.0145629435128109
FHS-EWMA,2021-11,fhs_ewma,42,0.0,0.0,-1.929120171556702e-07,0.0114909126618797,0.0122365175513137
FHS-EWMA,2021-12,fhs_ewma,44,0.0,0.0,-0.0011730227872986,0.0144313960715186,0.0153694481221671
FHS-EWMA,2022-01,fhs_ewma,40,0.0,0.0,0.0020074012845001,0.0155998698648473,0.0166373399235879
FHS-EWMA,2022-02,fhs_ewma,38,0.0,0.0,0.0009468253414086,0.0203485147209038,0.0217213520149472
FHS-EWMA,2022-03,fhs_ewma,46,0.0,0.0,-0.0003145978710934,0.0229251273216442,0.0244891828858518
FHS-EWMA,2022-04,fhs_ewma,40,0.025,0.0,0.0035361712896858,0.0220578914301916,0.0235564892715999
FHS-EWMA,2022-05,fhs_ewma,42,0.0,0.0,-0.0003006713584688,0.0298109312629301,0.0318667820734173
FHS-EWMA,2022-06,fhs_ewma,42,0.0238095238095238,0.0,0.0025069029251594,0.0318402919195582,0.0339923034679637
FHS-EWMA,2022-07,fhs_ewma,40,0.0,0.0,-0.0032816008351116,0.0284310619770412,0.0303357947028755
FHS-EWMA,2022-08,fhs_ewma,46,0.0,0.0,0.0017192076329417,0.0256079736970004,0.027319744581716
FHS-EWMA,2022-09,fhs_ewma,42,0.0476190476190476,0.0476190476190476,0.0036095616600959,0.0270788174104905,0.0288756248876201
FHS-EWMA,2022-10,fhs_ewma,42,0.0,0.0,-0.0020536573434691,0.0320547795691163,0.0341186737933109
FHS-EWMA,2022-11,fhs_ewma,42,0.0,0.0,-0.0023194743661249,0.0323853230485424,0.0344956392256702
FHS-EWMA,2022-12,fhs_ewma,42,0.0,0.0,0.0019347527198536,0.0292435122345342,0.0311195680536056
FHS-EWMA,2023-01,fhs_ewma,40,0.0,0.0,-0.002575380034021,0.0248954465667456,0.0265194469208324
FHS-EWMA,2023-02,fhs_ewma,38,0.0,0.0,0.0014705785640437,0.0223404342425475,0.02378306247904
FHS-EWMA,2023-03,fhs_ewma,46,0.0,0.0,-0.0016379328317189,0.0196957104645171,0.0209912768688357
FHS-EWMA,2023-04,fhs_ewma,38,0.0,0.0,-0.0006935911999892,0.015920249518208,0.0169485028264399
FHS-EWMA,2023-05,fhs_ewma,44,0.0,0.0,0.0001126094326321,0.0144798173379078,0.0154190191232142
FHS-EWMA,2023-06,fhs_ewma,42,0.0,0.0,-0.0015734283511326,0.0135827781991563,0.0144491794202628
FHS-EWMA,2023-07,fhs_ewma,40,0.0,0.0,-0.0008491127407898,0.0133666997040305,0.0142212410441065
FHS-EWMA,2023-08,fhs_ewma,46,0.0,0.0,0.000532514044104,0.0137710178922458,0.0146402132372885
FHS-EWMA,2023-09,fhs_ewma,40,0.0,0.0,0.0020775968332422,0.0143413238261567,0.0152628162120232
FHS-EWMA,2023-10,fhs_ewma,44,0.0,0.0,0.0009214655189885,0.0155244956025129,0.0165473849099853
FHS-EWMA,2023-11,fhs_ewma,42,0.0,0.0,-0.0033737727476343,0.0180921360118132,0.019301417274277
FHS-EWMA,2023-12,fhs_ewma,40,0.0,0.0,-0.0020978220196983,0.0156821097705798,0.0167376399834646
FHS-EWMA,2024-01,fhs_ewma,42,0.0,0.0,-0.000482962110928,0.0138394790082242,0.0147748383591299
FHS-EWMA,2024-02,fhs_ewma,40,0.025,0.0,-0.0011294595072268,0.014491139461771,0.0154723329665985
FHS-EWMA,2024-03,fhs_ewma,40,0.0,0.0,-0.001125119564756,0.0136229413727844,0.0145359580076023
FHS-EWMA,2024-04,fhs_ewma,44,0.0227272727272727,0.0,0.0016747906217757,0.013339534150059,0.014235866667877
FHS-EWMA,2024-05,fhs_ewma,44,0.0,0.0,-0.001684624950139,0.0145929190683978,0.0155658673715572
FHS-EWMA,2024-06,fhs_ewma,38,0.0,0.0,-0.0013596699575421,0.0130793959285903,0.0139450867682479
FHS-EWMA,2024-07,fhs_ewma,44,0.0454545454545454,0.0454545454545454,-0.0008741925424882,0.0125914576414652,0.013413832018719
FHS-EWMA,2024-08,fhs_ewma,44,0.0454545454545454,0.0227272727272727,-0.0009197507064438,0.0178720134133597,0.0190174403854327
FHS-EWMA,2024-09,fhs_ewma,40,0.0,0.0,-0.0009214565703028,0.0160179592066539,0.0170287399082836
FHS-EWMA,2024-10,fhs_ewma,46,0.0217391304347826,0.0217391304347826,0.000816247828735,0.0127524249169994,0.0135707348207951
FHS-EWMA,2024-11,fhs_ewma,40,0.0,0.0,-0.0019637813419385,0.0135067389627764,0.0143539675347335
FHS-EWMA,2024-12,fhs_ewma,42,0.0476190476190476,0.0476190476190476,0.0011046886349223,0.0136053294455048,0.0144810987653433
FHS-EWMA,2025-01,fhs_ewma,40,0.0,0.0,-0.0009433142844138,0.016452016801513,0.017524839848772
FHS-EWMA,2025-02,fhs_ewma,38,0.0,0.0,-0.000201218063147,0.0148346034771796,0.0158137334977923
FHS-EWMA,2025-03,fhs_ewma,42,0.0,0.0,0.0015193244700356,0.0176499409772466,0.0188110446596664
FHS-EWMA,2025-04,fhs_ewma,42,0.0952380952380952,0.0952380952380952,-0.0002653373506216,0.0371948189646275,0.0396785346500779
FHS-EWMA,2025-05,fhs_ewma,42,0.0,0.0,-0.0015421392409107,0.0332437141138161,0.0354232185377344
FHS-EWMA,2025-06,fhs_ewma,40,0.0,0.0,-0.0018370666451716,0.0239818388757679,0.0255489104076377
FHS-EWMA,2025-07,fhs_ewma,44,0.0,0.0,-0.0005198443808128,0.0175112257123429,0.018634050363842
FHS-EWMA,2025-08,fhs_ewma,42,0.0,0.0,-0.0009104764005728,0.0142321764585953,0.0151460797571464
FHS-EWMA,2025-09,fhs_ewma,42,0.0,0.0,-0.0011317200934181,0.0127213699414408,0.013541649307452
FHS-EWMA,2025-10,fhs_ewma,46,0.0434782608695652,0.0434782608695652,-0.0007610776230923,0.0121781019012688,0.0129667296762385
FHS-EWMA,2025-11,fhs_ewma,38,0.0,0.0,-0.0002962543444682,0.0134870755431357,0.0143671715053711
FHS-EWMA,2025-12,fhs_ewma,44,0.0,0.0,0.0001075818590788,0.0132794213863607,0.0141436899374073
FHS-EWMA,2026-01,fhs_ewma,40,0.05,0.05,-0.0004060525401077,0.0120330697854203,0.0128150104806022
FHS-EWMA,2026-02,fhs_ewma,38,0.0,0.0,-0.0002615224229744,0.0123792738217045,0.0131802372128777
FHS-EWMA,2026-03,fhs_ewma,44,0.0,0.0,0.0017660416806065,0.0140196429191501,0.0149384555546549
FHS-EWMA,2026-04,fhs_ewma,42,0.0,0.0,-0.0028489775965479,0.019092420374612,0.0203539693025484
FHS-EWMA,2026-05,fhs_ewma,2,0.0,0.0,-0.001965683435183,0.0172929197076028,0.0184276736379352
Rolling HS,2015-01,rolling_hs,57,0.0,0.0,0.0001132273705835,0.0119750436222249,0.0122822063315861
Rolling HS,2015-02,rolling_hs,57,0.0,0.0,-0.0012167916827006,0.0114635182824114,0.0120014309955996
Rolling HS,2015-03,rolling_hs,66,0.0303030303030303,0.0454545454545454,0.00024950175172,0.0120833478951082,0.0123168318735593
Rolling HS,2015-04,rolling_hs,63,0.0,0.0,-0.0001685579439365,0.0120679863254082,0.0123613896711772
Rolling HS,2015-05,rolling_hs,60,0.0,0.0,-0.0003169624300148,0.0119889205666226,0.0122815101500925
Rolling HS,2015-06,rolling_hs,66,0.0,0.0,0.0008386675275712,0.0119236328025156,0.0120645409192598
Rolling HS,2015-07,rolling_hs,66,0.0,0.0,-0.0009019417390178,0.0117754925009935,0.0118333927037085
Rolling HS,2015-08,rolling_hs,63,0.1269841269841269,0.1269841269841269,0.0016948192185696,0.0113602751246539,0.0115580578494425
Rolling HS,2015-09,rolling_hs,63,0.0793650793650793,0.0476190476190476,0.0003787346563913,0.0129401869020089,0.0136893448758327
Rolling HS,2015-10,rolling_hs,66,0.0,0.0,-0.0021346965097538,0.01317897931117,0.0137162654446888
Rolling HS,2015-11,rolling_hs,60,0.0,0.0,-4.127471449662494e-05,0.0130019630888544,0.0135055342876921
Rolling HS,2015-12,rolling_hs,66,0.0303030303030303,0.0151515151515151,0.0005166484453175,0.0131695628988294,0.0136399641316313
Rolling HS,2016-01,rolling_hs,57,0.0701754385964912,0.0526315789473684,0.0008527939336443,0.0133536920722778,0.0139784973668673
Rolling HS,2016-02,rolling_hs,60,0.0,0.0,-0.0003131598227379,0.0134126131056003,0.0141177256916827
Rolling HS,2016-03,rolling_hs,66,0.0,0.0,-0.0017829382800349,0.0134126131056003,0.0141232882441139
Rolling HS,2016-04,rolling_hs,63,0.0,0.0,-9.6074633944782e-05,0.0134126131056003,0.0141232882441139
Rolling HS,2016-05,rolling_hs,63,0.0,0.0,-0.0004787442673949,0.0134126131056003,0.0141171568601771
Rolling HS,2016-06,rolling_hs,66,0.0454545454545454,0.0454545454545454,-0.0006914588502197,0.0135211733120613,0.0141363242673123
Rolling HS,2016-07,rolling_hs,60,0.0,0.0,-0.0011330854139596,0.014024906559638,0.0144254446001276
Rolling HS,2016-08,rolling_hs,69,0.0,0.0,0.0001405161905026,0.0136945076642215,0.0140845616694099
Rolling HS,2016-09,rolling_hs,63,0.0476190476190476,0.0476190476190476,-7.105039192055708e-05,0.0132007312110243,0.013654104576865
Rolling HS,2016-10,rolling_hs,63,0.0,0.0,0.0007803231821909,0.0132672965149498,0.0136879466129569
Rolling HS,2016-11,rolling_hs,63,0.0,0.0,-0.0002288356047052,0.0132672965149498,0.0136774132828316
Rolling HS,2016-12,rolling_hs,63,0.0,0.0,-0.0005605446112848,0.0132672965149498,0.0135580385683784
Rolling HS,2017-01,rolling_hs,60,0.0,0.0,-0.0005836935615931,0.0125121500759195,0.0130559106757699
Rolling HS,2017-02,rolling_hs,57,0.0,0.0,-0.0013741979842939,0.0118935679736127,0.0126721890117271
Rolling HS,2017-03,rolling_hs,69,0.0,0.0,-5.665478682665389e-05,0.0118475693143854,0.0125809594675927
Rolling HS,2017-04,rolling_hs,57,0.0,0.0,-0.0005523171418931,0.0117946217430491,0.0125316990990781
Rolling HS,2017-05,rolling_hs,66,0.0,0.0,-0.0005400455932509,0.0117916802113081,0.0125480761221997
Rolling HS,2017-06,rolling_hs,66,0.0,0.0,-8.791516991570327e-05,0.0116622263790363,0.0123112314021054
Rolling HS,2017-07,rolling_hs,60,0.0,0.0,-0.0006900453821616,0.0113583886174936,0.0119296222506138
Rolling HS,2017-08,rolling_hs,69,0.0,0.0,-0.0003385814571298,0.0112514469078326,0.0115920807778887
Rolling HS,2017-09,rolling_hs,60,0.0,0.0,-0.0003135478724417,0.0107897489253769,0.0105709461142833
Rolling HS,2017-10,rolling_hs,66,0.0,0.0,-0.000604788619945,0.0102922329804404,0.0103014950776854
Rolling HS,2017-11,rolling_hs,63,0.0,0.0,-0.0008131760584368,0.0102564260032327,0.0102683488650286
Rolling HS,2017-12,rolling_hs,60,0.0,0.0,-0.0004030814135868,0.0101564457260593,0.01005514955882
Rolling HS,2018-01,rolling_hs,63,0.0158730158730158,0.0158730158730158,-0.0011639602073543,0.0093254559564479,0.0095946638353722
Rolling HS,2018-02,rolling_hs,57,0.1578947368421052,0.1578947368421052,0.0012755438639983,0.0107635326070798,0.0119482681487168
Rolling HS,2018-03,rolling_hs,63,0.0476190476190476,0.0317460317460317,0.0005274517065278,0.0120231861955601,0.0129929807792093
Rolling HS,2018-04,rolling_hs,63,0.0,0.0,6.31178665788429e-05,0.0135599716370805,0.014266704720892
Rolling HS,2018-05,rolling_hs,66,0.0,0.0,-0.0008483395003792,0.0135599716370805,0.0143507237134467
Rolling HS,2018-06,rolling_hs,63,0.0,0.0,-0.0002108703666672,0.013469521182621,0.0142845806289638
Rolling HS,2018-07,rolling_hs,63,0.0,0.0,-0.0009482168017618,0.013288620273702,0.014140220958784
Rolling HS,2018-08,rolling_hs,69,0.0,0.0,-0.0010019248465434,0.013288620273702,0.0141160739563556
Rolling HS,2018-09,rolling_hs,57,0.0,0.0,6.362050469483249e-05,0.0131975080013196,0.0138813626936772
Rolling HS,2018-10,rolling_hs,69,0.072463768115942,0.072463768115942,0.0018604329438108,0.0139835946547587,0.014466596299831
Rolling HS,2018-11,rolling_hs,63,0.0,0.0,-0.0008178524959694,0.014782782151996,0.0152071598299666
Rolling HS,2018-12,rolling_hs,57,0.087719298245614,0.0526315789473684,0.002219219579446,0.0157124341310292,0.0158958941733376
Rolling HS,2019-01,rolling_hs,63,0.0,0.0,-0.0023683478708561,0.0159745345719744,0.0161572685985803
Rolling HS,2019-02,rolling_hs,57,0.0,0.0,-0.0009061783391343,0.0152239484618179,0.0153795195465633
Rolling HS,2019-03,rolling_hs,63,0.0,0.0,-0.0010294006766231,0.0150545689918507,0.0151762621322205
Rolling HS,2019-04,rolling_hs,63,0.0,0.0,-0.0010518518234846,0.0150545689918507,0.0150819567885192
Rolling HS,2019-05,rolling_hs,66,0.0,0.0,0.0012221386661812,0.0150545689918507,0.0151611091715707
Rolling HS,2019-06,rolling_hs,60,0.0,0.0,-0.0022778608068736,0.0150545689918507,0.0152161494003468
Rolling HS,2019-07,rolling_hs,66,0.0,0.0,-0.0004258424989876,0.0150545689918507,0.0152161494003468
Rolling HS,2019-08,rolling_hs,66,0.0303030303030303,0.0151515151515151,-0.0003094289236944,0.0150587086604186,0.0153959454994642
Rolling HS,2019-09,rolling_hs,60,0.0,0.0,-0.0003521101573033,0.0150616249875044,0.0153873061818256
Rolling HS,2019-10,rolling_hs,69,0.0,0.0,-0.0006247887674277,0.0149019714741741,0.0151335017016437
Rolling HS,2019-11,rolling_hs,60,0.0,0.0,-0.0009354630147413,0.0147818208531755,0.0149256050967746
Rolling HS,2019-12,rolling_hs,63,0.0,0.0,-0.0006504181424904,0.0144294533447694,0.0144714476837253
Rolling HS,2020-01,rolling_hs,63,0.0,0.0,-0.0006565352378825,0.0141769474869053,0.0139375569300388
Rolling HS,2020-02,rolling_hs,57,0.1578947368421052,0.1578947368421052,0.0019092473665475,0.0142325784155797,0.0137119775742507
Rolling HS,2020-03,rolling_hs,66,0.2575757575757575,0.2727272727272727,0.0020110543814272,0.0219869227027075,0.0238143508977472
Rolling HS,2020-04,rolling_hs,63,0.0317460317460317,0.0158730158730158,-0.0036634586232889,0.0275636723234488,0.0303764104160581
Rolling HS,2020-05,rolling_hs,60,0.0,0.0,-0.0015217617795158,0.0275779081629042,0.0304943082240246
Rolling HS,2020-06,rolling_hs,66,0.0303030303030303,0.0303030303030303,-0.0005848812215445,0.0293386757605234,0.0311174653834546
Rolling HS,2020-07,rolling_hs,66,0.0,0.0,-0.001737074607652,0.0305576687127213,0.0315434741935772
Rolling HS,2020-08,rolling_hs,63,0.0,0.0,-0.0017536424612334,0.0305576687127213,0.0315434741935772
Rolling HS,2020-09,rolling_hs,63,0.0158730158730158,0.0,0.0009581062736881,0.0309327860623337,0.0316678213326807
Rolling HS,2020-10,rolling_hs,66,0.0151515151515151,0.0,0.0008924690698039,0.031007793812554,0.0316675374979986
Rolling HS,2020-11,rolling_hs,60,0.0,0.0,-0.0032051820438448,0.03113267573207,0.0318178631107472
Rolling HS,2020-12,rolling_hs,66,0.0,0.0,-0.0009588069649843,0.03113267573207,0.0317970513764841
Rolling HS,2021-01,rolling_hs,57,0.0,0.0,0.0005216256162093,0.03113267573207,0.0317970513764841
Rolling HS,2021-02,rolling_hs,57,0.0,0.0,-0.0003904148107552,0.03113267573207,0.0318045774245028
Rolling HS,2021-03,rolling_hs,69,0.0,0.0,-0.0007719403973158,0.0270415388253336,0.0279895250809704
Rolling HS,2021-04,rolling_hs,63,0.0,0.0,-0.0016787615985203,0.0245613919325989,0.0251386068856933
Rolling HS,2021-05,rolling_hs,60,0.0,0.0,-0.0003044836868173,0.0245613919325989,0.0250312345752944
Rolling HS,2021-06,rolling_hs,66,0.0,0.0,-0.0008004466286176,0.0240490953301279,0.0244160683409675
Rolling HS,2021-07,rolling_hs,63,0.0,0.0,-0.0010821729338031,0.023810023582308,0.0241066294538323
Rolling HS,2021-08,rolling_hs,66,0.0,0.0,-0.0007377598774237,0.0238100235823081,0.0241066294538323
Rolling HS,2021-09,rolling_hs,63,0.0,0.0,0.0016479994136351,0.022794556397692,0.023550047567928
Rolling HS,2021-10,rolling_hs,63,0.0,0.0,-0.0018711462623471,0.0226960765778576,0.0234633356806039
Rolling HS,2021-11,rolling_hs,63,0.0,0.0,-1.929120171556289e-07,0.0225449670739552,0.023036788479429
Rolling HS,2021-12,rolling_hs,66,0.0,0.0,-0.0011730227872986,0.0225449670739552,0.023036788479429
Rolling HS,2022-01,rolling_hs,60,0.0,0.0,0.0020074012845001,0.022488740813389,0.0231371766257047
Rolling HS,2022-02,rolling_hs,57,0.0350877192982456,0.0175438596491228,0.0009468253414086,0.0223906874273943,0.0230295303947596
Rolling HS,2022-03,rolling_hs,69,0.0144927536231884,0.0144927536231884,-0.0003145978710934,0.0183742883705142,0.0200659115721637
Rolling HS,2022-04,rolling_hs,60,0.0833333333333333,0.0666666666666666,0.0035361712896858,0.0170230635684973,0.0190265591491529
Rolling HS,2022-05,rolling_hs,63,0.0952380952380952,0.0793650793650793,-0.0003006713584688,0.0197024759049308,0.0211366609301273
Rolling HS,2022-06,rolling_hs,63,0.0793650793650793,0.0793650793650793,0.0025069029251594,0.0217279278386824,0.0223718530833841
Rolling HS,2022-07,rolling_hs,60,0.0,0.0,-0.0032816008351116,0.0225677460085075,0.0230584613625385
Rolling HS,2022-08,rolling_hs,69,0.0144927536231884,0.0144927536231884,0.0017192076329417,0.0225780558984987,0.0231000757245066
Rolling HS,2022-09,rolling_hs,63,0.0476190476190476,0.0476190476190476,0.0036095616600959,0.0233129048168938,0.0238653090993177
Rolling HS,2022-10,rolling_hs,63,0.0,0.0,-0.0020536573434691,0.0237228225513272,0.0242240479579184
Rolling HS,2022-11,rolling_hs,63,0.0,0.0,-0.0023194743661249,0.0237228225513272,0.0241593764045246
Rolling HS,2022-12,rolling_hs,63,0.0,0.0,0.0019347527198536,0.0237228225513272,0.024146372290874
Rolling HS,2023-01,rolling_hs,60,0.0,0.0,-0.002575380034021,0.0237228225513272,0.024146372290874
Rolling HS,2023-02,rolling_hs,57,0.0,0.0,0.0014705785640437,0.0237228225513272,0.0241234653369683
Rolling HS,2023-03,rolling_hs,69,0.0,0.0,-0.0016379328317189,0.0237228225513272,0.0240593258660322
Rolling HS,2023-04,rolling_hs,57,0.0,0.0,-0.0006935911999892,0.0237228225513272,0.0240593258660323
Rolling HS,2023-05,rolling_hs,66,0.0,0.0,0.0001126094326321,0.0226433609018095,0.0233811376861152
Rolling HS,2023-06,rolling_hs,63,0.0,0.0,-0.0015734283511326,0.0217453301716095,0.0225285072936148
Rolling HS,2023-07,rolling_hs,60,0.0,0.0,-0.0008491127407898,0.0213028883219279,0.0221259435989036
Rolling HS,2023-08,rolling_hs,69,0.0,0.0,0.000532514044104,0.0212209162461169,0.0220730671506884
Rolling HS,2023-09,rolling_hs,60,0.0,0.0,0.0020775968332422,0.0207598522586818,0.0213712757731492
Rolling HS,2023-10,rolling_hs,66,0.0,0.0,0.0009214655189885,0.0204192233428532,0.0206739151546308
Rolling HS,2023-11,rolling_hs,63,0.0,0.0,-0.0033737727476343,0.0199302143465012,0.0203056883846047
Rolling HS,2023-12,rolling_hs,60,0.0,0.0,-0.0020978220196983,0.0195181605782023,0.0199795477577041
Rolling HS,2024-01,rolling_hs,63,0.0,0.0,-0.000482962110928,0.0193593106273563,0.0198583290659077
Rolling HS,2024-02,rolling_hs,60,0.0166666666666666,0.0166666666666666,-0.0011294595072268,0.0192610119499229,0.0196975466179979
Rolling HS,2024-03,rolling_hs,60,0.0,0.0,-0.001125119564756,0.017786191709794,0.0176534864091462
Rolling HS,2024-04,rolling_hs,66,0.0,0.0151515151515151,0.0016747906217757,0.0176039541558956,0.0172959934348248
Rolling HS,2024-05,rolling_hs,66,0.0,0.0,-0.001684624950139,0.0165757466767806,0.016782580927349
Rolling HS,2024-06,rolling_hs,57,0.0,0.0,-0.0013596699575421,0.0157899969569538,0.0158832168503358
Rolling HS,2024-07,rolling_hs,66,0.0151515151515151,0.0151515151515151,-0.0008741925424882,0.0156772495592573,0.0156715059707887
Rolling HS,2024-08,rolling_hs,66,0.0303030303030303,0.0303030303030303,-0.0009197507064438,0.0159585173327981,0.0161597770835259
Rolling HS,2024-09,rolling_hs,60,0.0,0.0,-0.0009214565703028,0.0154914275268367,0.0156191788223144
Rolling HS,2024-10,rolling_hs,69,0.0,0.0,0.000816247828735,0.0148864883304403,0.0149973168155535
Rolling HS,2024-11,rolling_hs,60,0.0,0.0,-0.0019637813419385,0.0141622222046446,0.0147844849355704
Rolling HS,2024-12,rolling_hs,63,0.0476190476190476,0.0476190476190476,0.0011046886349223,0.0143974096321053,0.0149468180698512
Rolling HS,2025-01,rolling_hs,60,0.0,0.0,-0.0009433142844138,0.0149882202272948,0.0155094909210103
Rolling HS,2025-02,rolling_hs,57,0.0,0.0,-0.000201218063147,0.0146885662835714,0.0153962349554493
Rolling HS,2025-03,rolling_hs,63,0.0158730158730158,0.0158730158730158,0.0015193244700356,0.0144876359806832,0.0153590174931814
Rolling HS,2025-04,rolling_hs,63,0.1587301587301587,0.1428571428571428,-0.0002653373506216,0.018413460244006,0.0189552705773091
Rolling HS,2025-05,rolling_hs,63,0.0,0.0,-0.0015421392409107,0.0201612115227158,0.0202430345269003
Rolling HS,2025-06,rolling_hs,60,0.0,0.0,-0.0018370666451716,0.0201612115227158,0.020259546625785
Rolling HS,2025-07,rolling_hs,66,0.0,0.0,-0.0005198443808128,0.0201612115227158,0.0202454608215851
Rolling HS,2025-08,rolling_hs,63,0.0,0.0,-0.0009104764005728,0.0201612115227158,0.0200268637236959
Rolling HS,2025-09,rolling_hs,63,0.0,0.0,-0.0011317200934181,0.0201612115227158,0.0199905605547637
Rolling HS,2025-10,rolling_hs,69,0.0,0.0,-0.0007610776230923,0.0201612115227158,0.020029315820647
Rolling HS,2025-11,rolling_hs,57,0.0,0.0,-0.0002962543444682,0.0201612115227158,0.0200560983703344
Rolling HS,2025-12,rolling_hs,66,0.0,0.0,0.0001075818590788,0.0198917191693154,0.0199159895108063
Rolling HS,2026-01,rolling_hs,60,0.0,0.0,-0.0004060525401077,0.0194201075508647,0.0197069693248641
Rolling HS,2026-02,rolling_hs,57,0.0,0.0,-0.0002615224229744,0.0194201075508647,0.019733359979792
Rolling HS,2026-03,rolling_hs,66,0.0,0.0,0.0017660416806065,0.0194201075508647,0.0196702067001789
Rolling HS,2026-04,rolling_hs,63,0.0,0.0,-0.0028489775965479,0.017101274629309,0.0176183276574263
Rolling HS,2026-05,rolling_hs,3,0.0,0.0,-0.001965683435183,0.016158753760667,0.0168073017665957
