ablation,dimension,value_label,value_numeric,var_exceedance_99,es_exceedance_975,note
k_sensitivity,k (number of analogues),100,100.0,0.0217696629213483,0.0196629213483146,"landscape1, α=0.15 (fixed)"
k_sensitivity,k (number of analogues),250,250.0,0.0172050561797752,0.0158005617977528,"landscape1, α=0.15 (fixed)"
k_sensitivity,k (number of analogues),500,500.0,0.0140449438202247,0.0133426966292134,"landscape1, α=0.15 (fixed)"
k_sensitivity,k (number of analogues),750,750.0,0.0140449438202247,0.011938202247191,"landscape1, α=0.15 (fixed)"
k_sensitivity,k (number of analogues),1000,1000.0,0.0136938202247191,0.011938202247191,"landscape1, α=0.15 (fixed)"
feature_mode,persistence feature mode,landscape_h1_top3_concat,,0.012640449438202247,0.010533707865168539,"α=0.15, L=125, steps=200, k=1000 (fixed)"
feature_mode,persistence feature mode,landscape_h1_top3_weighted (finalist),,0.012991573033707866,0.011587078651685394,"α=0.15, L=125, steps=200, k=1000 (fixed)"
feature_mode,persistence feature mode,landscape1 (single H₁ bar),,0.013693820224719102,0.011938202247191011,"α=0.15, L=125, steps=200, k=1000 (fixed)"
feature_mode,persistence feature mode,landscape_h0h1_top3_concat,,0.014747191011235955,0.014747191011235955,"α=0.15, L=125, steps=200, k=1000 (fixed)"
feature_mode,persistence feature mode,landscape_h0h1_top1_concat,,0.015098314606741573,0.013342696629213483,"α=0.15, L=125, steps=200, k=1000 (fixed)"
alpha_sensitivity,α (state vs topology weight),α=0.00 (canonical),0.0,0.0122893258426966,0.0108848314606741,"landscape_h1_top3_weighted, L=125, steps=200, k=1000 (canonical run)"
alpha_sensitivity,α (state vs topology weight),α=0.15,0.15,0.0129915730337078,0.0115870786516853,"landscape_h1_top3_weighted, L=125, steps=200, k=1000 (fixed)"
alpha_sensitivity,α (state vs topology weight),α=0.30,0.3,0.0140449438202247,0.0115870786516853,"landscape_h1_top3_weighted, L=125, steps=200, k=1000 (fixed)"
alpha_sensitivity,α (state vs topology weight),α=0.50,0.5,0.0172050561797752,0.0150983146067415,"landscape_h1_top3_weighted, L=125, steps=200, k=1000 (fixed)"
input_mode,topology input mode,portfolio_only (finalist),,0.013693820224719102,0.011938202247191011,"landscape1, α=0.15, L=125, steps=200, k=1000 (fixed)"
input_mode,topology input mode,components_only,,0.016502808988764044,0.013342696629213483,"landscape1, α=0.15, L=125, steps=200, k=1000 (fixed)"
input_mode,topology input mode,portfolio_plus_components,,0.016853932584269662,0.012991573033707866,"landscape1, α=0.15, L=125, steps=200, k=1000 (fixed)"
