stress_period,method,n_forecasts,mean_var_99,mean_es_975,exceedance_rate_99,exceedance_rate_es_975,mean_realized_loss
covid_crash,garch_t,52,0.048693960438539206,0.05065682280472283,0.057692307692307696,0.057692307692307696,0.0005884016610093154
covid_crash,fhs_ewma,104,0.04838596783373079,0.051967697759919336,0.10576923076923077,0.09615384615384616,0.0005884016610093152
covid_crash,regime_hs,104,0.025776489351901598,0.027050914612816175,0.14423076923076922,0.1346153846153846,0.0005884016610093152
covid_crash,mahalanobis_knn,52,0.021538846715651302,0.022543524824333225,0.15384615384615385,0.15384615384615385,0.0005884016610093154
covid_crash,topology_knn,52,0.025409010868736377,0.026378328371236322,0.15384615384615385,0.15384615384615385,0.0005884016610093154
covid_crash,random_knn,52,0.017835638495875952,0.020172797026532054,0.17307692307692307,0.1346153846153846,0.0005884016610093154
covid_crash,topology_placebo_knn,52,0.017476897891102187,0.019320911000837333,0.17307692307692307,0.1346153846153846,0.0005884016610093154
covid_crash,euclidean_knn,52,0.023853915299861604,0.024668730091180275,0.17307692307692307,0.15384615384615385,0.0005884016610093154
covid_crash,dtw_window,104,0.022354624247003775,0.023621279755529342,0.17307692307692307,0.17307692307692307,0.0005884016610093152
covid_crash,rolling_hs,156,0.022934174555561133,0.02476403449773233,0.1794871794871795,0.1794871794871795,0.0005884016610093153
covid_crash,window_euclidean_knn,104,0.014007526658566848,0.014684085635039396,0.21153846153846154,0.21153846153846154,0.0005884016610093152
covid_crash,fpca_window,104,0.015209200826412302,0.016554916778753245,0.22115384615384615,0.20192307692307693,0.0005884016610093152
inflation_rates_shock,fhs_ewma,502,0.026515324035522776,0.028281848284990738,0.00796812749003984,0.00398406374501992,0.0006631905966881654
inflation_rates_shock,regime_hs,502,0.027906991126845065,0.029040360915630455,0.00796812749003984,0.00398406374501992,0.0006631905966881654
inflation_rates_shock,garch_t,251,0.024631733827552425,0.025675048204543117,0.01195219123505976,0.01195219123505976,0.0006631905966881654
inflation_rates_shock,rolling_hs,753,0.021765200349083406,0.022600791805421714,0.03054448871181939,0.02656042496679947,0.0006631905966881654
inflation_rates_shock,random_knn,251,0.018548990564928522,0.02064629107570513,0.03187250996015936,0.0199203187250996,0.0006631905966881654
inflation_rates_shock,topology_placebo_knn,251,0.018461895603831227,0.02016260342549952,0.03187250996015936,0.02390438247011952,0.0006631905966881654
inflation_rates_shock,euclidean_knn,251,0.017339335020735334,0.017722616183271398,0.04780876494023904,0.0398406374501992,0.0006631905966881654
inflation_rates_shock,mahalanobis_knn,251,0.015931862833000222,0.01669614940573464,0.05179282868525897,0.0398406374501992,0.0006631905966881654
inflation_rates_shock,topology_knn,251,0.015328920025081131,0.016461864708269967,0.05976095617529881,0.055776892430278883,0.0006631905966881654
inflation_rates_shock,dtw_window,502,0.015528781448961682,0.016539421437342654,0.061752988047808766,0.05776892430278884,0.0006631905966881654
inflation_rates_shock,fpca_window,502,0.01473815153958486,0.015632664932397563,0.06772908366533864,0.055776892430278883,0.0006631905966881654
inflation_rates_shock,window_euclidean_knn,502,0.013321126483070432,0.013665871333592058,0.09561752988047809,0.09163346613545817,0.0006631905966881654
