exclusion_radius,configuration_id,method,duration_count,duration_mean,duration_geometric_stat,duration_geometric_pvalue,interpretation
0,fhs_ewma_l094,fhs_ewma,40,68.35,5.181597634517004,0.022827325147559068,exploratory diagnostic; not a primary acceptance criterion
0,garch_t_w1500_r20,garch_t,47,58.170212765957444,11.752045111655434,0.000607764211391109,exploratory diagnostic; not a primary acceptance criterion
0,regime_hs_bins4,regime_hs,35,78.11428571428571,1.9915048234781239,0.15818362574020514,exploratory diagnostic; not a primary acceptance criterion
0,rolling_hs_w500,rolling_hs,45,56.577777777777776,12.331723741766154,0.00044532499931908975,exploratory diagnostic; not a primary acceptance criterion
0,s_euclidean_k250,euclidean_knn,52,53.46153846153846,16.9390167891504,3.859999523792612e-05,exploratory diagnostic; not a primary acceptance criterion
0,s_mahalanobis_k500,mahalanobis_knn,52,52.57692307692308,17.766219531544948,2.4977890714124712e-05,exploratory diagnostic; not a primary acceptance criterion
0,topology_l250_k100,topology_knn,50,55.52,14.543150565819701,0.00013698574382900732,exploratory diagnostic; not a primary acceptance criterion
0,w_dtw_l250_k750,dtw_window,79,35.18987341772152,63.575520377396174,1.5433518004450692e-15,exploratory diagnostic; not a primary acceptance criterion
0,w_euclidean_l250_k500,window_euclidean_knn,80,33.3,70.30500012692175,5.080874850427442e-17,exploratory diagnostic; not a primary acceptance criterion
0,w_fpca_l60_k500,fpca_window,63,40.46031746031746,39.55125204930914,3.195614781787951e-10,exploratory diagnostic; not a primary acceptance criterion
0,wz_dtw_l250_k250,wz_dtw_window,59,46.33898305084746,27.815802051437117,1.3343182368175164e-07,exploratory diagnostic; not a primary acceptance criterion
0,wz_euclidean_l250_k100,wz_euclidean_knn,45,59.2,10.590488864322083,0.0011367091623989782,exploratory diagnostic; not a primary acceptance criterion
0,wz_fpca_l125_k100,wz_fpca_window,50,54.68,15.237457250442844,9.48042713351166e-05,exploratory diagnostic; not a primary acceptance criterion
125,fhs_ewma_l094,fhs_ewma,40,68.35,5.181597634517004,0.022827325147559068,exploratory diagnostic; not a primary acceptance criterion
125,gap_hs_w250_r125,gap_hs,70,36.68571428571428,52.526742050810185,4.244294501681631e-13,exploratory diagnostic; not a primary acceptance criterion
125,garch_t_w1500_r20,garch_t,47,58.170212765957444,11.752045111655434,0.000607764211391109,exploratory diagnostic; not a primary acceptance criterion
125,regime_hs_bins4,regime_hs,35,78.11428571428571,1.9915048234781239,0.15818362574020514,exploratory diagnostic; not a primary acceptance criterion
125,rolling_hs_w500,rolling_hs,45,56.577777777777776,12.331723741766154,0.00044532499931908975,exploratory diagnostic; not a primary acceptance criterion
125,s_euclidean_k250,euclidean_knn,54,50.629629629629626,20.451848768362765,6.115045787504958e-06,exploratory diagnostic; not a primary acceptance criterion
125,s_mahalanobis_k500,mahalanobis_knn,63,43.3968253968254,34.3346650143111,4.640423399360797e-09,exploratory diagnostic; not a primary acceptance criterion
125,topology_l250_k100,topology_knn,67,38.0,47.26465564737305,6.2020522877361555e-12,exploratory diagnostic; not a primary acceptance criterion
125,w_dtw_l250_k750,dtw_window,85,32.705882352941174,76.79172152416152,1.8997226139185908e-18,exploratory diagnostic; not a primary acceptance criterion
125,w_euclidean_l250_k500,window_euclidean_knn,83,32.096385542168676,77.13991970554696,1.5926543810554318e-18,exploratory diagnostic; not a primary acceptance criterion
125,w_fpca_l60_k500,fpca_window,66,40.36363636363637,41.6261517166505,1.1050516505359206e-10,exploratory diagnostic; not a primary acceptance criterion
125,wz_dtw_l250_k250,wz_dtw_window,68,40.205882352941174,43.21121939936677,4.9138107921487e-11,exploratory diagnostic; not a primary acceptance criterion
125,wz_euclidean_l250_k100,wz_euclidean_knn,48,55.5,13.977031604894535,0.00018505756560673847,exploratory diagnostic; not a primary acceptance criterion
125,wz_fpca_l125_k100,wz_fpca_window,55,47.6,24.338778045428967,8.079605762945342e-07,exploratory diagnostic; not a primary acceptance criterion
250,fhs_ewma_l094,fhs_ewma,40,68.35,5.181597634517004,0.022827325147559068,exploratory diagnostic; not a primary acceptance criterion
250,gap_hs_w250_r250,gap_hs,77,36.103896103896105,59.37530523530165,1.3029390134158872e-14,exploratory diagnostic; not a primary acceptance criterion
250,garch_t_w1500_r20,garch_t,47,58.170212765957444,11.752045111655434,0.000607764211391109,exploratory diagnostic; not a primary acceptance criterion
250,regime_hs_bins4,regime_hs,35,78.11428571428571,1.9915048234781239,0.15818362574020514,exploratory diagnostic; not a primary acceptance criterion
250,rolling_hs_w500,rolling_hs,45,56.577777777777776,12.331723741766154,0.00044532499931908975,exploratory diagnostic; not a primary acceptance criterion
250,s_euclidean_k250,euclidean_knn,57,47.96491228070175,24.762062395058024,6.486160831874449e-07,exploratory diagnostic; not a primary acceptance criterion
250,s_mahalanobis_k500,mahalanobis_knn,61,44.81967213114754,31.008151562833746,2.5694701549333785e-08,exploratory diagnostic; not a primary acceptance criterion
250,topology_l250_k100,topology_knn,67,38.0,47.26465564737305,6.2020522877361555e-12,exploratory diagnostic; not a primary acceptance criterion
250,w_dtw_l250_k750,dtw_window,88,31.59090909090909,83.7314262271899,5.667706039521222e-20,exploratory diagnostic; not a primary acceptance criterion
250,w_euclidean_l250_k500,window_euclidean_knn,88,30.272727272727273,89.02522709264349,3.898097547404612e-21,exploratory diagnostic; not a primary acceptance criterion
250,w_fpca_l60_k500,fpca_window,66,38.621212121212125,45.21446167052329,1.7659620561476264e-11,exploratory diagnostic; not a primary acceptance criterion
250,wz_dtw_l250_k250,wz_dtw_window,70,39.05714285714286,46.97614753033213,7.1855908436072025e-12,exploratory diagnostic; not a primary acceptance criterion
250,wz_euclidean_l250_k100,wz_euclidean_knn,46,57.91304347826087,11.675399146973916,0.0006333195214448613,exploratory diagnostic; not a primary acceptance criterion
250,wz_fpca_l125_k100,wz_fpca_window,48,53.041666666666664,15.995040225425157,6.35086444160495e-05,exploratory diagnostic; not a primary acceptance criterion
