n_valid,es_statistic,es_pvalue,bootstrap_reps,block_length,mean_z2_contribution,exclusion_radius,configuration_id,method
2848,1.1003382353582727,0.3488255872063968,2000,10,0.15168788874329706,0,fhs_ewma_l094,fhs_ewma
2848,3.3646971171552216,0.0034982508745627187,2000,10,0.5197424461075137,0,garch_t_w1500_r20,garch_t
2848,0.19985906610294943,0.8775612193903048,2000,10,0.02581825598363554,0,regime_hs_bins4,regime_hs
2848,2.745933726519656,0.09245377311344327,2000,10,0.43925710780276467,0,rolling_hs_w500,rolling_hs
2848,4.210526480829638,0.0009995002498750624,2000,10,0.6804262469795488,0,s_euclidean_k250,euclidean_knn
2848,4.257440280779486,0.0029985007496251873,2000,10,0.6868705940677656,0,s_mahalanobis_k500,mahalanobis_knn
2848,2.928906182861107,0.03698150924537731,2000,10,0.46491017410513846,0,topology_l250_k100,topology_knn
2848,6.413350287586617,0.0004997501249375312,2000,10,1.2676537261534204,0,w_dtw_l250_k750,dtw_window
2848,7.349504441963317,0.0004997501249375312,2000,10,1.5704443306202065,0,w_euclidean_l250_k500,window_euclidean_knn
2848,5.372695483852201,0.0009995002498750624,2000,10,1.0023418437755918,0,w_fpca_l60_k500,fpca_window
2848,3.715201156003614,0.00399800099950025,2000,10,0.5977784403500453,0,wz_dtw_l250_k250,wz_dtw_window
2848,2.1124821295904144,0.09745127436281859,2000,10,0.30586689232798386,0,wz_euclidean_l250_k100,wz_euclidean_knn
2848,2.6795099348097127,0.07746126936531735,2000,10,0.46726097610879874,0,wz_fpca_l125_k100,wz_fpca_window
2848,1.1003382353582727,0.3293353323338331,2000,10,0.15168788874329706,125,fhs_ewma_l094,fhs_ewma
2848,5.406336846097066,0.0034982508745627187,2000,10,1.1151781589735632,125,gap_hs_w250_r125,gap_hs
2848,3.3646971171552216,0.004497751124437781,2000,10,0.5197424461075137,125,garch_t_w1500_r20,garch_t
2848,0.19985906610294943,0.8845577211394303,2000,10,0.02581825598363554,125,regime_hs_bins4,regime_hs
2848,2.745933726519656,0.08095952023988005,2000,10,0.43925710780276467,125,rolling_hs_w500,rolling_hs
2848,4.114952551927528,0.0024987506246876563,2000,10,0.698657036103847,125,s_euclidean_k250,euclidean_knn
2848,4.412543561643157,0.0029985007496251873,2000,10,0.7379902107289936,125,s_mahalanobis_k500,mahalanobis_knn
2848,3.3889672070491645,0.025987006496751622,2000,10,0.5908913596772609,125,topology_l250_k100,topology_knn
2848,6.876563702025989,0.0009995002498750624,2000,10,1.4533465770207175,125,w_dtw_l250_k750,dtw_window
2848,7.473552821477491,0.0004997501249375312,2000,10,1.6297545442721837,125,w_euclidean_l250_k500,window_euclidean_knn
2848,5.237636982740526,0.0009995002498750624,2000,10,0.99895341039851,125,w_fpca_l60_k500,fpca_window
2848,4.9604673449318675,0.0009995002498750624,2000,10,0.8699807161690409,125,wz_dtw_l250_k250,wz_dtw_window
2848,2.281250677744645,0.08095952023988005,2000,10,0.3346440521856458,125,wz_euclidean_l250_k100,wz_euclidean_knn
2848,2.1903631745690997,0.14192903548225888,2000,10,0.3493986284951497,125,wz_fpca_l125_k100,wz_fpca_window
2848,1.1003382353582403,0.33933033483258374,2000,10,0.15168788874329198,250,fhs_ewma_l094,fhs_ewma
2848,6.099305657603176,0.001999000499750125,2000,10,1.34935860623995,250,gap_hs_w250_r250,gap_hs
2848,3.3646971171551954,0.001999000499750125,2000,10,0.5197424461075074,250,garch_t_w1500_r20,garch_t
2848,0.19985906610294943,0.8630684657671165,2000,10,0.02581825598363554,250,regime_hs_bins4,regime_hs
2848,2.745933726519656,0.09995002498750624,2000,10,0.43925710780276467,250,rolling_hs_w500,rolling_hs
2848,4.457400258769564,0.0024987506246876563,2000,10,0.7655345858236923,250,s_euclidean_k250,euclidean_knn
2848,4.840997893618634,0.0004997501249375312,2000,10,0.8250581180592226,250,s_mahalanobis_k500,mahalanobis_knn
2848,3.3923913565150148,0.012993503248375811,2000,10,0.5924644476910484,250,topology_l250_k100,topology_knn
2848,6.864125187853024,0.0004997501249375312,2000,10,1.4538800458990735,250,w_dtw_l250_k750,dtw_window
2848,7.488809587846682,0.0009995002498750624,2000,10,1.6459345151814986,250,w_euclidean_l250_k500,window_euclidean_knn
2848,5.365383349768723,0.0009995002498750624,2000,10,1.0211648281409973,250,w_fpca_l60_k500,fpca_window
2848,5.200214487214088,0.0004997501249375312,2000,10,0.9172433730295634,250,wz_dtw_l250_k250,wz_dtw_window
2848,2.435767762365587,0.06846576711644178,2000,10,0.35904337188475616,250,wz_euclidean_l250_k100,wz_euclidean_knn
2848,2.0066019921803075,0.18940529735132433,2000,10,0.320788157343815,250,wz_fpca_l125_k100,wz_fpca_window
