exclusion_radius,loss_family,configuration_id,elimination_order,included_in_mcs,mean_loss,mcs_pvalue,mcs_alpha,bootstrap_reps,block_length,mcs_method,bootstrap_method,mcs_seed,n_dates,n_models
0,pinball_99,topology_l250_k100,1,False,0.00029130326754479087,0.005,0.1,2000,10,R,circular,2026092705,2848,13
0,pinball_99,w_dtw_l250_k750,2,False,0.0002933797539882016,0.0925,0.1,2000,10,R,circular,2026092705,2848,13
0,pinball_99,rolling_hs_w500,3,True,0.00030759452063868804,0.1055,0.1,2000,10,R,circular,2026092705,2848,13
0,pinball_99,w_euclidean_l250_k500,4,True,0.00031316728649484563,0.1055,0.1,2000,10,R,circular,2026092705,2848,13
0,pinball_99,wz_fpca_l125_k100,5,True,0.0003080440172554785,0.1055,0.1,2000,10,R,circular,2026092705,2848,13
0,pinball_99,wz_dtw_l250_k250,6,True,0.0002471710557903215,0.139,0.1,2000,10,R,circular,2026092705,2848,13
0,pinball_99,wz_euclidean_l250_k100,7,True,0.0002680621721317164,0.139,0.1,2000,10,R,circular,2026092705,2848,13
0,pinball_99,w_fpca_l60_k500,8,True,0.00029399241490801346,0.209,0.1,2000,10,R,circular,2026092705,2848,13
0,pinball_99,fhs_ewma_l094,9,True,0.0002299397493728043,0.2435,0.1,2000,10,R,circular,2026092705,2848,13
0,pinball_99,regime_hs_bins4,10,True,0.00024816879526774993,0.312,0.1,2000,10,R,circular,2026092705,2848,13
0,pinball_99,s_mahalanobis_k500,11,True,0.00023812248240314776,0.388,0.1,2000,10,R,circular,2026092705,2848,13
0,pinball_99,s_euclidean_k250,12,True,0.00022941276545695332,0.388,0.1,2000,10,R,circular,2026092705,2848,13
0,pinball_99,garch_t_w1500_r20,13,True,0.00021421823670848995,1.0,0.1,2000,10,R,circular,2026092705,2848,13
125,pinball_99,topology_l250_k100,1,False,0.00032520768953628044,0.0015,0.1,2000,10,R,circular,2026092830,2848,13
125,pinball_99,w_dtw_l250_k750,2,False,0.00031112076796330706,0.08,0.1,2000,10,R,circular,2026092830,2848,13
125,pinball_99,rolling_hs_w500,3,True,0.00030759452063868804,0.115,0.1,2000,10,R,circular,2026092830,2848,13
125,pinball_99,w_euclidean_l250_k500,4,True,0.00031971335852647506,0.115,0.1,2000,10,R,circular,2026092830,2848,13
125,pinball_99,wz_dtw_l250_k250,5,True,0.00026467608164028013,0.118,0.1,2000,10,R,circular,2026092830,2848,13
125,pinball_99,wz_fpca_l125_k100,6,True,0.00030406434269162914,0.118,0.1,2000,10,R,circular,2026092830,2848,13
125,pinball_99,w_fpca_l60_k500,7,True,0.000299903258168665,0.222,0.1,2000,10,R,circular,2026092830,2848,13
125,pinball_99,fhs_ewma_l094,8,True,0.0002299397493728043,0.248,0.1,2000,10,R,circular,2026092830,2848,13
125,pinball_99,wz_euclidean_l250_k100,9,True,0.00027096067323659586,0.248,0.1,2000,10,R,circular,2026092830,2848,13
125,pinball_99,regime_hs_bins4,10,True,0.00024816879526774993,0.3055,0.1,2000,10,R,circular,2026092830,2848,13
125,pinball_99,s_euclidean_k250,11,True,0.00024235380883998056,0.3055,0.1,2000,10,R,circular,2026092830,2848,13
125,pinball_99,s_mahalanobis_k500,12,True,0.0002534364741072489,0.3055,0.1,2000,10,R,circular,2026092830,2848,13
125,pinball_99,garch_t_w1500_r20,13,True,0.00021421823670848995,1.0,0.1,2000,10,R,circular,2026092830,2848,13
250,pinball_99,topology_l250_k100,1,False,0.0003261005559705759,0.001,0.1,2000,10,R,circular,2026092955,2848,13
250,pinball_99,w_euclidean_l250_k500,2,False,0.0003232246351875187,0.0515,0.1,2000,10,R,circular,2026092955,2848,13
250,pinball_99,w_dtw_l250_k750,3,False,0.0003134126217234525,0.0685,0.1,2000,10,R,circular,2026092955,2848,13
250,pinball_99,rolling_hs_w500,4,True,0.00030759452063868804,0.117,0.1,2000,10,R,circular,2026092955,2848,13
250,pinball_99,wz_dtw_l250_k250,5,True,0.0002653089009275236,0.122,0.1,2000,10,R,circular,2026092955,2848,13
250,pinball_99,wz_fpca_l125_k100,6,True,0.00030008608821501784,0.1795,0.1,2000,10,R,circular,2026092955,2848,13
250,pinball_99,w_fpca_l60_k500,7,True,0.00029817935670715565,0.2635,0.1,2000,10,R,circular,2026092955,2848,13
250,pinball_99,fhs_ewma_l094,8,True,0.00022993974937280407,0.27,0.1,2000,10,R,circular,2026092955,2848,13
250,pinball_99,wz_euclidean_l250_k100,9,True,0.0002691707689257164,0.27,0.1,2000,10,R,circular,2026092955,2848,13
250,pinball_99,s_euclidean_k250,10,True,0.0002452736434095252,0.2735,0.1,2000,10,R,circular,2026092955,2848,13
250,pinball_99,regime_hs_bins4,11,True,0.00024816879526774993,0.2735,0.1,2000,10,R,circular,2026092955,2848,13
250,pinball_99,s_mahalanobis_k500,12,True,0.0002548795884760222,0.2735,0.1,2000,10,R,circular,2026092955,2848,13
250,pinball_99,garch_t_w1500_r20,13,True,0.00021421823670848955,1.0,0.1,2000,10,R,circular,2026092955,2848,13
0,fz0_975,w_euclidean_l250_k500,1,False,-3.6349151162498172,0.001,0.1,2000,10,R,circular,2026092805,2848,13
0,fz0_975,topology_l250_k100,2,False,-3.8080589232787823,0.002,0.1,2000,10,R,circular,2026092805,2848,13
0,fz0_975,w_dtw_l250_k750,3,False,-3.819646501576011,0.008,0.1,2000,10,R,circular,2026092805,2848,13
0,fz0_975,wz_euclidean_l250_k100,4,False,-3.934356695633472,0.008,0.1,2000,10,R,circular,2026092805,2848,13
0,fz0_975,rolling_hs_w500,5,False,-3.8308960454771674,0.01,0.1,2000,10,R,circular,2026092805,2848,13
0,fz0_975,wz_fpca_l125_k100,6,False,-3.7488755153758286,0.023,0.1,2000,10,R,circular,2026092805,2848,13
0,fz0_975,w_fpca_l60_k500,7,True,-3.8612722217498066,0.1025,0.1,2000,10,R,circular,2026092805,2848,13
0,fz0_975,wz_dtw_l250_k250,8,True,-4.007931710065865,0.12,0.1,2000,10,R,circular,2026092805,2848,13
0,fz0_975,fhs_ewma_l094,9,True,-4.085932065120058,0.295,0.1,2000,10,R,circular,2026092805,2848,13
0,fz0_975,regime_hs_bins4,10,True,-4.050299476564611,0.295,0.1,2000,10,R,circular,2026092805,2848,13
0,fz0_975,s_mahalanobis_k500,11,True,-4.072189935077813,0.295,0.1,2000,10,R,circular,2026092805,2848,13
0,fz0_975,s_euclidean_k250,12,True,-4.120805450421099,0.6955,0.1,2000,10,R,circular,2026092805,2848,13
0,fz0_975,garch_t_w1500_r20,13,True,-4.13816220952463,1.0,0.1,2000,10,R,circular,2026092805,2848,13
125,fz0_975,topology_l250_k100,1,False,-3.6758011888932054,0.0,0.1,2000,10,R,circular,2026092930,2848,13
125,fz0_975,w_euclidean_l250_k500,2,False,-3.6127707293986058,0.001,0.1,2000,10,R,circular,2026092930,2848,13
125,fz0_975,w_dtw_l250_k750,3,False,-3.727742036816207,0.012,0.1,2000,10,R,circular,2026092930,2848,13
125,fz0_975,wz_dtw_l250_k250,4,False,-3.9168802202712456,0.024,0.1,2000,10,R,circular,2026092930,2848,13
125,fz0_975,wz_euclidean_l250_k100,5,False,-3.923646850234421,0.035,0.1,2000,10,R,circular,2026092930,2848,13
125,fz0_975,rolling_hs_w500,6,False,-3.8308960454771674,0.0375,0.1,2000,10,R,circular,2026092930,2848,13
125,fz0_975,wz_fpca_l125_k100,7,False,-3.7978326791956483,0.0375,0.1,2000,10,R,circular,2026092930,2848,13
125,fz0_975,w_fpca_l60_k500,8,True,-3.8318759577746584,0.1175,0.1,2000,10,R,circular,2026092930,2848,13
125,fz0_975,fhs_ewma_l094,9,True,-4.085932065120058,0.3255,0.1,2000,10,R,circular,2026092930,2848,13
125,fz0_975,regime_hs_bins4,10,True,-4.050299476564611,0.3255,0.1,2000,10,R,circular,2026092930,2848,13
125,fz0_975,s_mahalanobis_k500,11,True,-4.025264299088202,0.3255,0.1,2000,10,R,circular,2026092930,2848,13
125,fz0_975,s_euclidean_k250,12,True,-4.0682648480041514,0.3255,0.1,2000,10,R,circular,2026092930,2848,13
125,fz0_975,garch_t_w1500_r20,13,True,-4.13816220952463,1.0,0.1,2000,10,R,circular,2026092930,2848,13
250,fz0_975,topology_l250_k100,1,False,-3.6662490012951343,0.001,0.1,2000,10,R,circular,2026093055,2848,13
250,fz0_975,w_euclidean_l250_k500,2,False,-3.600811879300806,0.002,0.1,2000,10,R,circular,2026093055,2848,13
250,fz0_975,wz_dtw_l250_k250,3,False,-3.9111946842275374,0.022,0.1,2000,10,R,circular,2026093055,2848,13
250,fz0_975,wz_euclidean_l250_k100,4,False,-3.9197006305241615,0.022,0.1,2000,10,R,circular,2026093055,2848,13
250,fz0_975,w_dtw_l250_k750,5,False,-3.7233536261832025,0.022,0.1,2000,10,R,circular,2026093055,2848,13
250,fz0_975,wz_fpca_l125_k100,6,False,-3.798290807023648,0.052,0.1,2000,10,R,circular,2026093055,2848,13
250,fz0_975,rolling_hs_w500,7,False,-3.8308960454771674,0.0585,0.1,2000,10,R,circular,2026093055,2848,13
250,fz0_975,w_fpca_l60_k500,8,True,-3.840380996015312,0.1495,0.1,2000,10,R,circular,2026093055,2848,13
250,fz0_975,s_mahalanobis_k500,9,True,-4.008579625235445,0.2845,0.1,2000,10,R,circular,2026093055,2848,13
250,fz0_975,fhs_ewma_l094,10,True,-4.08593206512006,0.2845,0.1,2000,10,R,circular,2026093055,2848,13
250,fz0_975,regime_hs_bins4,11,True,-4.050299476564611,0.2845,0.1,2000,10,R,circular,2026093055,2848,13
250,fz0_975,s_euclidean_k250,12,True,-4.050392856255502,0.2845,0.1,2000,10,R,circular,2026093055,2848,13
250,fz0_975,garch_t_w1500_r20,13,True,-4.138162209524633,1.0,0.1,2000,10,R,circular,2026093055,2848,13
