exclusion_radius,topology,comparator,loss_family,n_pairs,mean_difference_topology_minus_comparator,dm_statistic,dm_pvalue,block_ci_low,block_ci_high,bootstrap_reps,block_length,holm_pvalue
0,topology_l250_k100,fhs_ewma_l094,fz0_975,2848,0.27787314184127687,3.9406662909106975,8.12555994157984e-05,0.1497854044212917,0.4239853413342615,2000,10,0.0006500447953263872
0,topology_l250_k100,garch_t_w1500_r20,fz0_975,2848,0.3301032862458483,4.507410107123501,6.562371840591566e-06,0.193268537502817,0.4819723863117945,2000,10,7.87484620870988e-05
0,topology_l250_k100,regime_hs_bins4,fz0_975,2848,0.2422405532858298,3.4174671265998615,0.0006320672681973567,0.10566978814159037,0.38762019754298743,2000,10,0.004424470877381497
0,topology_l250_k100,rolling_hs_w500,fz0_975,2848,0.022837122198385847,0.24700789233927728,0.8049021160960251,-0.1796873117162571,0.18056548385028054,2000,10,1.0
0,topology_l250_k100,s_euclidean_k250,fz0_975,2848,0.3127465271423178,4.473018382253905,7.71231446522519e-06,0.17687606499095032,0.44921147500779857,2000,10,8.483545911747709e-05
0,topology_l250_k100,s_mahalanobis_k500,fz0_975,2848,0.26413101179903137,4.439866442148186,9.00147227861205e-06,0.1503022057528515,0.3796897472593298,2000,10,9.00147227861205e-05
0,topology_l250_k100,w_dtw_l250_k750,fz0_975,2848,0.011587578297229667,0.1294079125520575,0.897034887016826,-0.17176175495645488,0.1645592712125983,2000,10,1.0
0,topology_l250_k100,w_euclidean_l250_k500,fz0_975,2848,-0.17314380702896418,-1.2898515655565237,0.19710220013963886,-0.4866504510762655,0.04294758970221384,2000,10,0.9855110006981943
0,topology_l250_k100,w_fpca_l60_k500,fz0_975,2848,0.053213298471025024,0.5038862586731723,0.614341307371944,-0.17604127823251686,0.21580425466630576,2000,10,1.0
0,topology_l250_k100,wz_dtw_l250_k250,fz0_975,2848,0.1998727867870822,4.147189284706331,3.3658178905555926e-05,0.10590219165301813,0.2944633329529781,2000,10,0.00030292361015000336
0,topology_l250_k100,wz_euclidean_l250_k100,fz0_975,2848,0.1262977723546902,1.9018558620629682,0.05719000085601556,-0.0022951339908539,0.25261201816927326,2000,10,0.3431400051360934
0,topology_l250_k100,wz_fpca_l125_k100,fz0_975,2848,-0.0591834079029527,-0.4540625746932996,0.6497837892086786,-0.35071826194543765,0.15243584969896873,2000,10,1.0
125,topology_l250_k100,fhs_ewma_l094,fz0_975,2848,0.4101308762268534,4.53653261322571,5.718664957926766e-06,0.2371502104727606,0.5836102879976925,2000,10,6.290531453719442e-05
125,topology_l250_k100,gap_hs_w250_r125,fz0_975,2848,-0.04034842712681732,-0.31676602929911635,0.7514211424642114,-0.30354399542164645,0.1720656977505981,2000,10,1.0
125,topology_l250_k100,garch_t_w1500_r20,fz0_975,2848,0.4623610206314248,4.980007038285773,6.358196084796348e-07,0.2932500532089402,0.6569351268033896,2000,10,8.265654910235253e-06
125,topology_l250_k100,regime_hs_bins4,fz0_975,2848,0.3744982876714063,4.1306333529591095,3.6176516854084055e-05,0.2126806064079818,0.56429835420188,2000,10,0.0003255886516867565
125,topology_l250_k100,rolling_hs_w500,fz0_975,2848,0.15509485658396233,1.5459439154423773,0.12211811332283824,-0.05934150071718602,0.3395284935817016,2000,10,0.7327086799370295
125,topology_l250_k100,s_euclidean_k250,fz0_975,2848,0.392463659110946,4.486866604594895,7.22782965496688e-06,0.21350908670046465,0.5752044371800294,2000,10,7.22782965496688e-05
125,topology_l250_k100,s_mahalanobis_k500,fz0_975,2848,0.34946311019499726,4.723205866462734,2.321556319273245e-06,0.20548448136120048,0.49960742202555514,2000,10,2.7858675831278944e-05
125,topology_l250_k100,w_dtw_l250_k750,fz0_975,2848,0.05194084792300252,0.4701582952340759,0.6382419276395623,-0.18399998512126167,0.23589735604220083,2000,10,1.0
125,topology_l250_k100,w_euclidean_l250_k500,fz0_975,2848,-0.06303045949459882,-0.44041890301976566,0.6596337364975584,-0.4036569379232618,0.17453271539600246,2000,10,1.0
125,topology_l250_k100,w_fpca_l60_k500,fz0_975,2848,0.15607476888145388,1.345005778908008,0.17862336836359427,-0.10244473416375494,0.33798549684648577,2000,10,0.8931168418179714
125,topology_l250_k100,wz_dtw_l250_k250,fz0_975,2848,0.24107903137804082,3.801915307930272,0.00014358181187220515,0.12182608702070513,0.37400354130736535,2000,10,0.0011486544949776412
125,topology_l250_k100,wz_euclidean_l250_k100,fz0_975,2848,0.24784566134121577,2.8937338423824843,0.003806907044270412,0.09279806443747896,0.41979186998136053,2000,10,0.026648349309892884
125,topology_l250_k100,wz_fpca_l125_k100,fz0_975,2848,0.12203149030244312,1.0078940706234276,0.31350531846284435,-0.14513467488146867,0.3293641335044011,2000,10,1.0
250,topology_l250_k100,fhs_ewma_l094,fz0_975,2848,0.41968306382492576,4.593573368247048,4.357197291453797e-06,0.2536967715595917,0.6000617402617408,2000,10,5.228636749744557e-05
250,topology_l250_k100,gap_hs_w250_r250,fz0_975,2848,-0.1866717671828835,-1.2418192533512675,0.21430325739681366,-0.5074310649454243,0.08393805325213168,2000,10,0.8572130295872546
250,topology_l250_k100,garch_t_w1500_r20,fz0_975,2848,0.471913208229499,5.048198045878379,4.4599668462589926e-07,0.30265955809344347,0.6670194272145842,2000,10,5.79795690013669e-06
250,topology_l250_k100,regime_hs_bins4,fz0_975,2848,0.3840504752694775,4.197320274564896,2.7009184531416265e-05,0.2197350647754524,0.5709990820530512,2000,10,0.00024308266078274638
250,topology_l250_k100,rolling_hs_w500,fz0_975,2848,0.1646470441820335,1.6409152463583698,0.1008150096960451,-0.033233792770230884,0.34826734196786174,2000,10,0.6048900581762706
250,topology_l250_k100,s_euclidean_k250,fz0_975,2848,0.38414385496036824,4.415437171482903,1.0080605614892784e-05,0.219328947293311,0.5506303626843758,2000,10,0.00010080605614892784
250,topology_l250_k100,s_mahalanobis_k500,fz0_975,2848,0.3423306239403111,4.5489570156155965,5.391245285344522e-06,0.18918591473406463,0.49604192889201,2000,10,5.9303698138789744e-05
250,topology_l250_k100,w_dtw_l250_k750,fz0_975,2848,0.05710462488806863,0.5173648302788978,0.6049015057626483,-0.18742114107662167,0.2375902155956963,2000,10,1.0
250,topology_l250_k100,w_euclidean_l250_k500,fz0_975,2848,-0.06543712199432795,-0.45717724293742423,0.6475436540107233,-0.37743392248121593,0.16731710649709014,2000,10,1.0
250,topology_l250_k100,w_fpca_l60_k500,fz0_975,2848,0.17413199472017868,1.5508925828125926,0.12092742821953127,-0.08967296457703998,0.35241757568158405,2000,10,0.6048900581762706
250,topology_l250_k100,wz_dtw_l250_k250,fz0_975,2848,0.24494568293240332,3.7828443489758685,0.0001550463775494505,0.12392448800950163,0.3835773612627533,2000,10,0.001240371020395604
250,topology_l250_k100,wz_euclidean_l250_k100,fz0_975,2848,0.25345162922902736,2.9120161111466323,0.0035910411280925883,0.09335218573081698,0.4310652118197757,2000,10,0.025137287896648118
250,topology_l250_k100,wz_fpca_l125_k100,fz0_975,2848,0.132041805728514,1.0788277582896337,0.2806645180699545,-0.12809949280590846,0.3531551478935995,2000,10,0.8572130295872546
