exclusion_radius,configuration_id,method,n_forecasts,mean_pinball_99,pinball_ci_low,pinball_ci_high,exceedances,exceedance_rate,kupiec_uc_stat,kupiec_uc_pvalue,christoffersen_ind_stat,christoffersen_ind_pvalue,christoffersen_cc_stat,christoffersen_cc_pvalue,duration_count,duration_mean,duration_geometric_stat,duration_geometric_pvalue
0,fhs_ewma_l094,fhs_ewma,2848,0.0002299397493728043,0.00020012884808761404,0.0002663803446107028,41,0.014396067415730338,4.894015556431441,0.026949934369792383,13.550472073681306,0.00023223300499746193,18.444487630112747,9.881671226292375e-05,40,68.35,5.181597634517004,0.022827325147559068
0,garch_t_w1500_r20,garch_t,2848,0.00021421823670848995,0.00018652291028440607,0.0002452400431640642,48,0.016853932584269662,11.207349854564825,0.0008147399027021312,6.847090654838382,0.008878573790227131,18.054440509403207,0.0001200958655297923,47,58.170212765957444,11.752045111655434,0.000607764211391109
0,regime_hs_bins4,regime_hs,2848,0.00024816879526774993,0.00020787665587313,0.0003052969946355426,36,0.012640449438202247,1.8508879400082492,0.17368015699078104,16.097246197756363,6.0171469441303454e-05,17.94813413776461,0.00012665204068157233,35,78.11428571428571,1.9915048234781239,0.15818362574020514
0,rolling_hs_w500,rolling_hs,2848,0.00030759452063868804,0.00023467129304113914,0.00041880783693943685,46,0.016151685393258428,9.177508899933173,0.0024500727213800475,20.713487721963702,5.333896704457272e-06,29.890996621896875,3.230372126398862e-07,45,56.577777777777776,12.331723741766154,0.00044532499931908975
0,s_euclidean_k250,euclidean_knn,2848,0.00022941276545695332,0.00019133185036491966,0.00027509004116463683,53,0.018609550561797753,17.009381074449834,3.719558978221401e-05,8.84384162591482,0.002940794858038869,25.853222700364654,2.4324505543548445e-06,52,53.46153846153846,16.9390167891504,3.859999523792612e-05
0,s_mahalanobis_k500,mahalanobis_knn,2848,0.00023812248240314776,0.00019214755018468735,0.0002918734698911773,53,0.018609550561797753,17.009381074449834,3.719558978221401e-05,12.64389645400422,0.0003767938226271393,29.653277528454055,3.638082971485596e-07,52,52.57692307692308,17.766219531544948,2.4977890714124712e-05
0,topology_l250_k100,topology_knn,2848,0.00029130326754479087,0.0002453597905845722,0.00035052559834760944,51,0.017907303370786515,14.567953703405465,0.00013519428197759036,13.712625238666305,0.00021301766690242204,28.28057894207177,7.2268711265503e-07,50,55.52,14.543150565819701,0.00013698574382900732
0,w_dtw_l250_k750,dtw_window,2848,0.0002933797539882016,0.0002207381684144986,0.0003907396594565431,80,0.028089887640449437,63.1591197085221,1.9066468999831725e-15,12.690560253203216,0.0003675061422066211,75.84967996172531,3.384162971584803e-17,79,35.18987341772152,63.575520377396174,1.5433518004450692e-15
0,w_euclidean_l250_k500,window_euclidean_knn,2848,0.00031316728649484563,0.00022852013121787715,0.0004260870017470428,81,0.028441011235955056,65.2744615996196,6.516032324724037e-16,12.321053617858297,0.00044787782356308807,77.5955152174779,1.4136697348009248e-17,80,33.3,70.30500012692175,5.080874850427442e-17
0,w_fpca_l60_k500,fpca_window,2848,0.00029399241490801346,0.0002143954164907125,0.000408258884281654,64,0.02247191011235955,33.04853562489802,8.98867231341991e-09,12.058485490222552,0.0005155716085160167,45.107021115120574,1.6037431607143945e-10,63,40.46031746031746,39.55125204930914,3.195614781787951e-10
0,wz_dtw_l250_k250,wz_dtw_window,2848,0.0002471710557903215,0.0002103151282071494,0.0002919846238511241,60,0.021067415730337078,26.730786168027407,2.338656029067024e-07,6.767343388446534,0.009284093309257608,33.49812955647394,5.320759017905352e-08,59,46.33898305084746,27.815802051437117,1.3343182368175164e-07
0,wz_euclidean_l250_k100,wz_euclidean_knn,2848,0.0002680621721317164,0.00021968325624360693,0.00033489814034409467,46,0.016151685393258428,9.177508899933173,0.0024500727213800475,11.381934142544026,0.0007416185572112015,20.5594430424772,3.432208541883152e-05,45,59.2,10.590488864322083,0.0011367091623989782
0,wz_fpca_l125_k100,wz_fpca_window,2848,0.0003080440172554785,0.0002326583616871393,0.000417418915682908,51,0.017907303370786515,14.567953703405465,0.00013519428197759036,13.492092373995888,0.000239570905290191,28.060046077401353,8.069347405292625e-07,50,54.68,15.237457250442844,9.48042713351166e-05
125,fhs_ewma_l094,fhs_ewma,2848,0.0002299397493728043,0.00019861746480114676,0.0002637118254260217,41,0.014396067415730338,4.894015556431441,0.026949934369792383,13.550472073681306,0.00023223300499746193,18.444487630112747,9.881671226292375e-05,40,68.35,5.181597634517004,0.022827325147559068
125,gap_hs_w250_r125,gap_hs,2848,0.00034162046250258224,0.0002590192332534301,0.0004555285933990228,71,0.024929775280898875,45.31832044097621,1.674751646645057e-11,16.39186608487728,5.150578131040654e-05,61.71018652585349,3.979268621588855e-14,70,36.68571428571428,52.526742050810185,4.244294501681631e-13
125,garch_t_w1500_r20,garch_t,2848,0.00021421823670848995,0.00018716084723356956,0.00024474207828867334,48,0.016853932584269662,11.207349854564825,0.0008147399027021312,6.847090654838382,0.008878573790227131,18.054440509403207,0.0001200958655297923,47,58.170212765957444,11.752045111655434,0.000607764211391109
125,regime_hs_bins4,regime_hs,2848,0.00024816879526774993,0.00020969121982282633,0.00030743868501725174,36,0.012640449438202247,1.8508879400082492,0.17368015699078104,16.097246197756363,6.0171469441303454e-05,17.94813413776461,0.00012665204068157233,35,78.11428571428571,1.9915048234781239,0.15818362574020514
125,rolling_hs_w500,rolling_hs,2848,0.00030759452063868804,0.00023128030762235234,0.0004154495863187712,46,0.016151685393258428,9.177508899933173,0.0024500727213800475,20.713487721963702,5.333896704457272e-06,29.890996621896875,3.230372126398862e-07,45,56.577777777777776,12.331723741766154,0.00044532499931908975
125,s_euclidean_k250,euclidean_knn,2848,0.00024235380883998056,0.00019817134299432895,0.00029934386804093306,55,0.019311797752808987,19.604649940167292,9.523713167938777e-06,15.889616539595409,6.714609366795181e-05,35.4942664797627,1.9611822968689365e-08,54,50.629629629629626,20.451848768362765,6.115045787504958e-06
125,s_mahalanobis_k500,mahalanobis_knn,2848,0.0002534364741072489,0.0001983957714927648,0.00032324662394367994,64,0.02247191011235955,33.04853562489802,8.98867231341991e-09,15.771445746243899,7.147310688506906e-05,48.81998137114192,2.5053923207993915e-11,63,43.3968253968254,34.3346650143111,4.640423399360797e-09
125,topology_l250_k100,topology_knn,2848,0.00032520768953628044,0.00026970475662074317,0.00039320442266714426,68,0.023876404494382022,39.87810536912423,2.703163837329791e-10,17.792087827209116,2.4640578887390915e-05,57.670193196333344,2.9996919820770245e-13,67,38.0,47.26465564737305,6.2020522877361555e-12
125,w_dtw_l250_k750,dtw_window,2848,0.00031112076796330706,0.00022926806537294946,0.0004067003358932103,86,0.030196629213483147,76.22648270485388,2.5292692942651803e-18,10.58591857186093,0.001139522642219925,86.81240127671481,1.4090505778263583e-19,85,32.705882352941174,76.79172152416152,1.8997226139185908e-18
125,w_euclidean_l250_k500,window_euclidean_knn,2848,0.00031971335852647506,0.00022974438636133958,0.00044188008033286874,84,0.02949438202247191,71.77177976675569,2.4158266630063747e-17,11.258091982121641,0.0007927665717388715,83.02987174887733,9.338829212923986e-19,83,32.096385542168676,77.13991970554696,1.5926543810554318e-18
125,w_fpca_l60_k500,fpca_window,2848,0.000299903258168665,0.00022012489531661434,0.00041742016945879785,67,0.023525280898876403,38.1244008457702,6.63748620063515e-10,10.957014188607673,0.0009324995375775822,49.08141503437787,2.1983971040488687e-11,66,40.36363636363637,41.6261517166505,1.1050516505359206e-10
125,wz_dtw_l250_k250,wz_dtw_window,2848,0.00026467608164028013,0.00021960616932535255,0.00032070658573514423,69,0.02422752808988764,41.66194214186453,1.0850061617345024e-10,10.265432703962688,0.0013554594278998055,51.92737484582722,5.29802279291953e-12,68,40.205882352941174,43.21121939936677,4.9138107921487e-11
125,wz_euclidean_l250_k100,wz_euclidean_knn,2848,0.00027096067323659586,0.00021921872359743178,0.00034625491192319825,49,0.01720505617977528,12.286289515573174,0.00045629801276447004,10.230303464054714,0.0013815193196540035,22.516592979627887,1.289982916362808e-05,48,55.5,13.977031604894535,0.00018505756560673847
125,wz_fpca_l125_k100,wz_fpca_window,2848,0.00030406434269162914,0.0002365602344451923,0.00041335684569855646,56,0.019662921348314606,20.95824357600111,4.69403592077104e-06,19.755819081855407,8.799337031377694e-06,40.714062657856516,1.4422934323732854e-09,55,47.6,24.338778045428967,8.079605762945342e-07
250,fhs_ewma_l094,fhs_ewma,2848,0.00022993974937280407,0.00019932552730301742,0.0002622332840319023,41,0.014396067415730338,4.894015556431441,0.026949934369792383,13.550472073681306,0.00023223300499746193,18.444487630112747,9.881671226292375e-05,40,68.35,5.181597634517004,0.022827325147559068
250,gap_hs_w250_r250,gap_hs,2848,0.0003450498881296623,0.00026177136857903773,0.0004596851690000001,78,0.027387640449438203,59.00592172947404,1.5719817019548415e-14,32.87688578967129,9.818374146874518e-09,91.88280751914533,1.1166108828990486e-20,77,36.103896103896105,59.37530523530165,1.3029390134158872e-14
250,garch_t_w1500_r20,garch_t,2848,0.00021421823670848955,0.0001873585852280144,0.00024427883519875375,48,0.016853932584269662,11.207349854564825,0.0008147399027021312,6.847090654838382,0.008878573790227131,18.054440509403207,0.0001200958655297923,47,58.170212765957444,11.752045111655434,0.000607764211391109
250,regime_hs_bins4,regime_hs,2848,0.00024816879526774993,0.00020923784182818312,0.0003065004166257584,36,0.012640449438202247,1.8508879400082492,0.17368015699078104,16.097246197756363,6.0171469441303454e-05,17.94813413776461,0.00012665204068157233,35,78.11428571428571,1.9915048234781239,0.15818362574020514
250,rolling_hs_w500,rolling_hs,2848,0.00030759452063868804,0.0002327630876947039,0.00041375095222189265,46,0.016151685393258428,9.177508899933173,0.0024500727213800475,20.713487721963702,5.333896704457272e-06,29.890996621896875,3.230372126398862e-07,45,56.577777777777776,12.331723741766154,0.00044532499931908975
250,s_euclidean_k250,euclidean_knn,2848,0.0002452736434095252,0.00019945463099675003,0.0003006105471573366,58,0.020365168539325844,23.77410198902578,1.0833028941327e-06,14.516751330452962,0.00013891875432325384,38.29085331947874,4.844476438173269e-09,57,47.96491228070175,24.762062395058024,6.486160831874449e-07
250,s_mahalanobis_k500,mahalanobis_knn,2848,0.0002548795884760222,0.0002018974190921079,0.00032005108879947197,62,0.021769662921348316,29.823697823406405,4.731727464590088e-08,16.69833437827822,4.381945419919958e-05,46.522032201684624,7.904402811118775e-11,61,44.81967213114754,31.008151562833746,2.5694701549333785e-08
250,topology_l250_k100,topology_knn,2848,0.0003261005559705759,0.00027034060276501324,0.00039550279029506246,68,0.023876404494382022,39.87810536912423,2.703163837329791e-10,17.792087827209116,2.4640578887390915e-05,57.670193196333344,2.9996919820770245e-13,67,38.0,47.26465564737305,6.2020522877361555e-12
250,w_dtw_l250_k750,dtw_window,2848,0.0003134126217234525,0.00023086124549333688,0.0004243007605027876,89,0.03125,83.08773834729573,7.849105638802384e-20,12.414293842954976,0.0004260600916065132,95.5020321902507,1.828088449403644e-21,88,31.59090909090909,83.7314262271899,5.667706039521222e-20
250,w_euclidean_l250_k500,window_euclidean_knn,2848,0.0003232246351875187,0.0002349092782883802,0.0004468300780176044,89,0.03125,83.08773834729573,7.849105638802384e-20,12.414293842954976,0.0004260600916065132,95.5020321902507,1.828088449403644e-21,88,30.272727272727273,89.02522709264349,3.898097547404612e-21
250,w_fpca_l60_k500,fpca_window,2848,0.00029817935670715565,0.00021415345359690455,0.00040315483434430385,67,0.023525280898876403,38.1244008457702,6.63748620063515e-10,10.957014188607673,0.0009324995375775822,49.08141503437787,2.1983971040488687e-11,66,38.621212121212125,45.21446167052329,1.7659620561476264e-11
250,wz_dtw_l250_k250,wz_dtw_window,2848,0.0002653089009275236,0.0002205195270915379,0.0003180678986117187,71,0.024929775280898875,45.31832044097621,1.674751646645057e-11,9.606066468432687,0.0019393561353762872,54.924386909408895,1.183916086692273e-12,70,39.05714285714286,46.97614753033213,7.1855908436072025e-12
250,wz_euclidean_l250_k100,wz_euclidean_knn,2848,0.0002691707689257164,0.0002175945515218618,0.0003434924557264202,47,0.016502808988764044,10.1707941605585,0.0014268280358456433,10.98659768320556,0.000917731327079746,21.15739184376406,2.5452516953483983e-05,46,57.91304347826087,11.675399146973916,0.0006333195214448613
250,wz_fpca_l125_k100,wz_fpca_window,2848,0.00030008608821501784,0.0002339034450382317,0.00040250403543883593,49,0.01720505617977528,12.286289515573174,0.00045629801276447004,3.4984535234935947,0.06142616415458431,15.784743039066768,0.00037358256527049346,48,53.041666666666664,15.995040225425157,6.35086444160495e-05
