exclusion_radius,configuration_id,method,n_forecasts,n_valid_fz,mean_fz0_975,fz_ci_low,fz_ci_high,mean_var_975,mean_es_975
0,fhs_ewma_l094,fhs_ewma,2848,2848,-4.085932065120058,-4.211788038197862,-3.9354313177317213,0.012831399631903908,0.01699377211099255
0,garch_t_w1500_r20,garch_t,2848,2848,-4.13816220952463,-4.280479855958861,-3.9944279713981152,0.01099561416682296,0.014793960945576718
0,regime_hs_bins4,regime_hs,2848,2848,-4.050299476564611,-4.1848560253707845,-3.8941603886119545,0.013082008900190373,0.018071770819918245
0,rolling_hs_w500,rolling_hs,2848,2848,-3.8308960454771674,-4.051953845552781,-3.529177666693665,0.012491462541339005,0.018469119137596152
0,s_euclidean_k250,euclidean_knn,2848,2848,-4.120805450421099,-4.2705607393766725,-3.947949185858254,0.010399629761139936,0.013520801603952083
0,s_mahalanobis_k500,mahalanobis_knn,2848,2848,-4.072189935077813,-4.2256236666368645,-3.8855793089158697,0.010436690376635098,0.013871518162492451
0,topology_l250_k100,topology_knn,2848,2848,-3.8080589232787823,-3.9810023407829562,-3.6035603979455337,0.014386701246368623,0.01920406205981804
0,w_dtw_l250_k750,dtw_window,2848,2848,-3.819646501576011,-4.072387666339891,-3.5004350297710425,0.009585412342408357,0.012913551983289836
0,w_euclidean_l250_k500,window_euclidean_knn,2848,2848,-3.6349151162498172,-3.9469603484011784,-3.215600470557723,0.008904732674209466,0.013142010624039002
0,w_fpca_l60_k500,fpca_window,2848,2848,-3.8612722217498066,-4.111044965325307,-3.538803958126205,0.01032152869242661,0.013974268618981822
0,wz_dtw_l250_k250,wz_dtw_window,2848,2848,-4.007931710065865,-4.162049113617132,-3.8394895527494977,0.011266342168512104,0.014930844036646483
0,wz_euclidean_l250_k100,wz_euclidean_knn,2848,2848,-3.934356695633472,-4.085455390474472,-3.7543885936203982,0.012655918918741953,0.01841038792304624
0,wz_fpca_l125_k100,wz_fpca_window,2848,2848,-3.7488755153758286,-4.006072721251635,-3.4024916645780294,0.013033097050588414,0.018972982620598603
125,fhs_ewma_l094,fhs_ewma,2848,2848,-4.085932065120058,-4.224621328484557,-3.941116378717748,0.012831399631903908,0.01699377211099255
125,gap_hs_w250_r125,gap_hs,2848,2848,-3.6354527617663877,-3.939261892354868,-3.2434061048827956,0.01257775462497331,0.017210844449839502
125,garch_t_w1500_r20,garch_t,2848,2848,-4.13816220952463,-4.27620393584164,-3.9931322576622734,0.01099561416682296,0.014793960945576718
125,regime_hs_bins4,regime_hs,2848,2848,-4.050299476564611,-4.187175804826866,-3.8998088126426005,0.013082008900190373,0.018071770819918245
125,rolling_hs_w500,rolling_hs,2848,2848,-3.8308960454771674,-4.047905237640009,-3.542035223689669,0.012491462541339005,0.018469119137596152
125,s_euclidean_k250,euclidean_knn,2848,2848,-4.0682648480041514,-4.234916160877322,-3.8865422222677255,0.010250065958308206,0.013284641073606012
125,s_mahalanobis_k500,mahalanobis_knn,2848,2848,-4.025264299088202,-4.197306346248869,-3.83374582434832,0.010374611090183799,0.01376856907225154
125,topology_l250_k100,topology_knn,2848,2848,-3.6758011888932054,-3.877714102529736,-3.440274176657707,0.015278656610436087,0.020544866213810135
125,w_dtw_l250_k750,dtw_window,2848,2848,-3.727742036816207,-4.023190320512968,-3.3787525715208098,0.009458517160135163,0.012629246480456456
125,w_euclidean_l250_k500,window_euclidean_knn,2848,2848,-3.6127707293986058,-3.939861214330089,-3.2100419192092815,0.00893212676602303,0.01306680544737411
125,w_fpca_l60_k500,fpca_window,2848,2848,-3.8318759577746584,-4.109893107387624,-3.4813940575809217,0.010284999976789904,0.013850613320725035
125,wz_dtw_l250_k250,wz_dtw_window,2848,2848,-3.9168802202712456,-4.092473688394598,-3.719698014492604,0.011002834753725798,0.014639443787979161
125,wz_euclidean_l250_k100,wz_euclidean_knn,2848,2848,-3.923646850234421,-4.069275494084609,-3.7348423001296034,0.01261263078645316,0.018379861878656017
125,wz_fpca_l125_k100,wz_fpca_window,2848,2848,-3.7978326791956483,-4.017876711817848,-3.4693877598611147,0.013204033591732306,0.019232068382826855
250,fhs_ewma_l094,fhs_ewma,2848,2848,-4.08593206512006,-4.214861405272532,-3.94400515304955,0.012831399631903958,0.016993772110992598
250,gap_hs_w250_r250,gap_hs,2848,2848,-3.47957723411225,-3.8064279756009856,-3.0507280746771164,0.01238101194275789,0.01676136699850041
250,garch_t_w1500_r20,garch_t,2848,2848,-4.138162209524633,-4.274081994349251,-3.9901415165202647,0.01099561416682301,0.014793960945576765
250,regime_hs_bins4,regime_hs,2848,2848,-4.050299476564611,-4.18326669541699,-3.890395887704657,0.013082008900190373,0.018071770819918245
250,rolling_hs_w500,rolling_hs,2848,2848,-3.8308960454771674,-4.054270546744491,-3.539420360502428,0.012491462541339005,0.018469119137596152
250,s_euclidean_k250,euclidean_knn,2848,2848,-4.050392856255502,-4.218215724296386,-3.8685309988656456,0.010163147954829995,0.013165587908445528
250,s_mahalanobis_k500,mahalanobis_knn,2848,2848,-4.008579625235445,-4.181274256500585,-3.804672149064145,0.010358609927560124,0.013775121277005028
250,topology_l250_k100,topology_knn,2848,2848,-3.6662490012951343,-3.880913176323607,-3.4346219918819916,0.015332419633332085,0.020576439618366263
250,w_dtw_l250_k750,dtw_window,2848,2848,-3.7233536261832025,-4.012616700796017,-3.3659380955545553,0.0094487617681265,0.012575051668321664
250,w_euclidean_l250_k500,window_euclidean_knn,2848,2848,-3.600811879300806,-3.9363109454254914,-3.1603332473413577,0.008955107516150461,0.012991005426905584
250,w_fpca_l60_k500,fpca_window,2848,2848,-3.840380996015312,-4.10951861004238,-3.492059272264566,0.01028605759274006,0.013824523475640123
250,wz_dtw_l250_k250,wz_dtw_window,2848,2848,-3.9111946842275374,-4.087578834049766,-3.72504625134079,0.010980459306087754,0.014621299382360163
250,wz_euclidean_l250_k100,wz_euclidean_knn,2848,2848,-3.9197006305241615,-4.065974522209433,-3.7445999424706877,0.012623380030423641,0.01839070122379759
250,wz_fpca_l125_k100,wz_fpca_window,2848,2848,-3.798290807023648,-4.0188907573810315,-3.5005374559993583,0.013418005127889486,0.019795516032321835
